Hugo_Symbol,Entrez_Gene_Id,Center,NCBI_Build,Chromosome,Start_Position,End_Position,Strand,Variant_Classification,Variant_Type,Reference_Allele,Tumor_Seq_Allele1,Tumor_Seq_Allele2,dbSNP_RS,dbSNP_Val_Status,Tumor_Sample_Barcode,Matched_Norm_Sample_Barcode,Match_Norm_Seq_Allele1,Match_Norm_Seq_Allele2,Tumor_Validation_Allele1,Tumor_Validation_Allele2,Match_Norm_Validation_Allele1,Match_Norm_Validation_Allele2,Verification_Status,Validation_Status,Mutation_Status,Sequencing_Phase,Sequence_Source,Validation_Method,Score,BAM_File,Sequencer,Tumor_Sample_UUID,Matched_Norm_Sample_UUID,HGVSc,HGVSp,HGVSp_Short,Transcript_ID,Exon_Number,t_depth,t_ref_count,t_alt_count,n_depth,n_ref_count,n_alt_count,all_effects,Allele,Gene,Feature,Feature_type,Consequence,cDNA_position,CDS_position,Protein_position,Amino_acids,Codons,Existing_variation,ALLELE_NUM,DISTANCE,STRAND,SYMBOL,SYMBOL_SOURCE,HGNC_ID,BIOTYPE,CANONICAL,CCDS,ENSP,SWISSPROT,TREMBL,UNIPARC,RefSeq,SIFT,PolyPhen,EXON,INTRON,DOMAINS,GMAF,AFR_MAF,AMR_MAF,ASN_MAF,EAS_MAF,EUR_MAF,SAS_MAF,AA_MAF,EA_MAF,CLIN_SIG,SOMATIC,PUBMED,MOTIF_NAME,MOTIF_POS,HIGH_INF_POS,MOTIF_SCORE_CHANGE,IMPACT,PICK,VARIANT_CLASS,TSL,HGVS_OFFSET,PHENO,MINIMISED,ExAC_AF,ExAC_AF_AFR,ExAC_AF_AMR,ExAC_AF_EAS,ExAC_AF_FIN,ExAC_AF_NFE,ExAC_AF_OTH,ExAC_AF_SAS,GENE_PHENO,FILTER,COSMIC,CENTERS,CONTEXT,DBVS,NCALLERS,Protein_Change,Variant_Category,High_Impact,LOF_category,LOF_evidence,functional_support,simulated_phenotype,clinical_risk
CYP2C19,0,.,GRCh37,10,96534881,96534881,+,Nonsense_Mutation,SNP,G,G,T,.,.,TCGA-05-4430-01A-02D-1265-08,TCGA-05-4430-10A-01D-1265-08,G,G,.,.,.,.,.,.,.,.,.,.,.,.,.,.,.,c.235G>T,p.Gly79Ter,p.G79*,ENST00000371321,2/9,139,114,24,136,136,0,"CYP2C19,stop_gained,p.Gly79Ter,ENST00000371321,;CYP2C19,non_coding_transcript_exon_variant,,ENST00000480405,;CYP2C19,non_coding_transcript_exon_variant,,ENST00000464755,;MTND4P19,upstream_gene_variant,,ENST00000446659,;",T,ENSG00000165841,ENST00000371321,Transcript,stop_gained,317,235,79,G/*,Gga/Tga,"COSM3441936,COSM540054",.,.,1,CYP2C19,HGNC,2621,protein_coding,YES,CCDS7436.1,ENSP00000360372,CP2CJ_HUMAN,.,UPI000013DE1E,.,.,.,2/9,.,"hmmpanther:PTHR24300,hmmpanther:PTHR24300:SF131,Gene3D:1.10.630.10,Pfam_domain:PF00067,Superfamily_domains:SSF48264",.,.,.,.,.,.,.,.,.,.,"1,1",.,.,.,.,.,HIGH,.,SNV,.,.,"1,1",.,.,.,.,.,.,.,.,.,1,PASS,BUFFER|p.G79E|c.236G>A|3,SOMATICSNIPER|RADIA|MUTECT|MUSE|VARSCANS,TGCATGGATAT,.,5,p.G79*,LOF,YES,HIGH_CONFIDENCE_LOF,structural_variant,NA,Poor Metabolizer,Altered Drug Metabolism
DPYD,0,.,GRCh37,1,97839179,97839179,+,Nonsense_Mutation,SNP,C,C,A,.,.,TCGA-05-5423-01A-01D-1625-08,TCGA-05-5423-10A-01D-1625-08,C,C,.,.,.,.,.,.,.,.,.,.,.,.,.,.,.,c.1996G>T,p.Glu666Ter,p.E666*,ENST00000370192,16/23,47,36,11,43,43,0,"DPYD,stop_gained,p.Glu666Ter,ENST00000370192,;",A,ENSG00000188641,ENST00000370192,Transcript,stop_gained,2097,1996,666,E/*,Gag/Tag,COSM536962,.,.,-1,DPYD,HGNC,3012,protein_coding,YES,CCDS30777.1,ENSP00000359211,DPYD_HUMAN,.,UPI0000458949,.,.,.,16/23,.,"hmmpanther:PTHR11938,hmmpanther:PTHR11938:SF5,Pfam_domain:PF01180,Gene3D:3.20.20.70,TIGRFAM_domain:TIGR01037,Superfamily_domains:SSF51395",.,.,.,.,.,.,.,.,.,.,1,.,.,.,.,.,HIGH,.,SNV,.,.,1,.,.,.,.,.,.,.,.,.,.,PASS,NONE,SOMATICSNIPER|RADIA|MUTECT|MUSE|VARSCANS,TAACTCCAGGG,.,5,p.E666*,LOF,YES,HIGH_CONFIDENCE_LOF,structural_variant,NA,DPD Deficiency,Fluoropyrimidine Toxicity
DPYD,0,.,GRCh37,1,97981468,97981469,+,Frame_Shift_Ins,INS,-,-,T,novel,.,TCGA-13-0889-01A-01W-0420-08,TCGA-13-0889-10A-01W-0420-08,-,-,.,.,.,.,.,.,.,.,.,.,.,.,.,.,.,c.1553dupA,p.Pro519AlafsTer2,p.P519Afs*2,ENST00000370192,13/23,171,157,14,909,909,0,"DPYD,frameshift_variant,p.Pro519AlafsTer2,ENST00000370192,;",T,ENSG00000188641,ENST00000370192,Transcript,frameshift_variant,1654-1655,1553-1554,518,K/KX,aag/aaAg,.,.,.,-1,DPYD,HGNC,3012,protein_coding,YES,CCDS30777.1,ENSP00000359211,DPYD_HUMAN,.,UPI0000458949,.,.,.,13/23,.,"hmmpanther:PTHR11938,hmmpanther:PTHR11938:SF5",.,.,.,.,.,.,.,.,.,.,.,.,.,.,.,.,HIGH,.,insertion,.,.,.,.,.,.,.,.,.,.,.,.,.,wga,NONE,INDELOCATOR*|PINDEL,TCAGGCTTGGC,.,2,p.P519Afs*2,LOF,YES,HIGH_CONFIDENCE_LOF,structural_variant,NA,DPD Deficiency,Fluoropyrimidine Toxicity
DPYD,0,.,GRCh37,1,98015114,98015114,+,Splice_Site,SNP,A,A,T,.,.,TCGA-13-1507-01A-01W-0549-09,TCGA-13-1507-10A-01W-0550-09,A,A,.,.,.,.,.,.,.,.,.,.,.,.,.,.,.,c.1524+2T>A,.,p.X508_splice,ENST00000370192,.,257,189,68,341,341,0,"DPYD,splice_donor_variant,,ENST00000370192,;SEC63P1,downstream_gene_variant,,ENST00000425785,;",T,ENSG00000188641,ENST00000370192,Transcript,splice_donor_variant,.,.,.,.,.,COSM69342,.,.,-1,DPYD,HGNC,3012,protein_coding,YES,CCDS30777.1,ENSP00000359211,DPYD_HUMAN,.,UPI0000458949,.,.,.,.,12/22,.,.,.,.,.,.,.,.,.,.,.,1,.,.,.,.,.,HIGH,.,SNV,.,.,1,.,.,.,.,.,.,.,.,.,.,wga,NONE,MUTECT|RADIA|SOMATICSNIPER|MUSE|VARSCANS,TGCCTACCTGT,.,5,p.X508_splice,LOF,YES,HIGH_CONFIDENCE_LOF,structural_variant,NA,DPD Deficiency,Fluoropyrimidine Toxicity
DPYD,0,.,GRCh37,1,98039315,98039315,+,Splice_Site,SNP,C,C,G,.,.,TCGA-22-5473-01A-01D-1632-08,TCGA-22-5473-11A-11D-1632-08,C,C,.,.,.,.,.,.,.,.,.,.,.,.,.,.,.,c.1339+1G>C,.,p.X447_splice,ENST00000370192,.,165,120,45,213,213,0,"DPYD,splice_donor_variant,,ENST00000370192,;",G,ENSG00000188641,ENST00000370192,Transcript,splice_donor_variant,.,.,.,.,.,"CS052409,COSM682598",.,.,-1,DPYD,HGNC,3012,protein_coding,YES,CCDS30777.1,ENSP00000359211,DPYD_HUMAN,.,UPI0000458949,.,.,.,.,11/22,.,.,.,.,.,.,.,.,.,.,.,"0,1",.,.,.,.,.,HIGH,.,SNV,.,.,"1,1",.,.,.,.,.,.,.,.,.,.,PASS,NONE,SOMATICSNIPER|RADIA|MUTECT|MUSE|VARSCANS,CTGTACCTTTA,.,5,p.X447_splice,LOF,YES,HIGH_CONFIDENCE_LOF,structural_variant,NA,DPD Deficiency,Fluoropyrimidine Toxicity
CYP2C19,0,.,GRCh37,10,96609784,96609784,+,Frame_Shift_Del,DEL,G,G,-,rs762476241,.,TCGA-24-1434-01A-01W-0545-08,TCGA-24-1434-10A-01W-0545-08,G,G,.,.,.,.,.,.,.,.,.,.,.,.,.,.,.,c.1260delG,p.Ser422ValfsTer28,p.S422Vfs*28,ENST00000371321,8/9,744,548,196,255,255,0,"CYP2C19,frameshift_variant,p.Ser422ValfsTer28,ENST00000371321,;CYP2C19,non_coding_transcript_exon_variant,,ENST00000464755,;",-,ENSG00000165841,ENST00000371321,Transcript,frameshift_variant,1342,1260,420,K/X,aaG/aa,rs762476241,.,.,1,CYP2C19,HGNC,2621,protein_coding,YES,CCDS7436.1,ENSP00000360372,CP2CJ_HUMAN,.,UPI000013DE1E,.,.,.,8/9,.,"hmmpanther:PTHR24300,hmmpanther:PTHR24300:SF131,Gene3D:1.10.630.10,Pfam_domain:PF00067,Superfamily_domains:SSF48264",.,.,.,.,.,.,.,.,.,.,.,.,.,.,.,.,HIGH,.,deletion,.,.,.,.,.,.,.,.,.,.,.,.,1,wga,NONE,INDELOCATOR*|VARSCANI*|PINDEL,TTTTAAGAAAAG,byFrequency,3,p.S422Vfs*28,LOF,YES,HIGH_CONFIDENCE_LOF,structural_variant,NA,Poor Metabolizer,Altered Drug Metabolism
DPYD,0,.,GRCh37,1,98293671,98293671,+,Nonsense_Mutation,SNP,T,T,A,rs776692894,.,TCGA-24-2280-01A-01W-0799-08,TCGA-24-2280-10A-01W-0799-08,T,T,.,.,.,.,.,.,.,.,.,.,.,.,.,.,.,c.232A>T,p.Arg78Ter,p.R78*,ENST00000370192,3/23,135,108,27,173,173,0,"DPYD,stop_gained,p.Arg41Ter,ENST00000423006,;DPYD,stop_gained,p.Arg78Ter,ENST00000306031,;DPYD,stop_gained,p.Arg78Ter,ENST00000370192,;",A,ENSG00000188641,ENST00000370192,Transcript,stop_gained,333,232,78,R/*,Aga/Tga,"rs776692894,COSM117982",.,.,-1,DPYD,HGNC,3012,protein_coding,YES,CCDS30777.1,ENSP00000359211,DPYD_HUMAN,.,UPI0000458949,.,.,.,3/23,.,"PROSITE_profiles:PS51379,hmmpanther:PTHR11938,hmmpanther:PTHR11938:SF5,Gene3D:1.10.1060.10,Pfam_domain:PF14691,Superfamily_domains:SSF46548",.,.,.,.,.,.,.,.,.,.,"0,1",.,.,.,.,.,HIGH,.,SNV,.,.,"0,1",.,.,.,.,.,.,.,.,.,.,wga,NONE,SOMATICSNIPER|RADIA|MUTECT|MUSE|VARSCANS,TTACCTCATTG,.,5,p.R78*,LOF,YES,HIGH_CONFIDENCE_LOF,structural_variant,NA,DPD Deficiency,Fluoropyrimidine Toxicity
CYP2C19,0,.,GRCh37,10,96602692,96602692,+,Nonsense_Mutation,SNP,G,G,T,rs747508319,.,TCGA-2F-A9KO-01A-11D-A38G-08,TCGA-2F-A9KO-11A-12D-A38J-08,G,G,.,.,.,.,.,.,.,.,.,.,.,.,.,.,.,c.1060G>T,p.Glu354Ter,p.E354*,ENST00000371321,7/9,118,94,23,104,104,0,"CYP2C19,stop_gained,p.Glu354Ter,ENST00000371321,;CYP2C19,non_coding_transcript_exon_variant,,ENST00000464755,;",T,ENSG00000165841,ENST00000371321,Transcript,stop_gained,1142,1060,354,E/*,Gag/Tag,"rs747508319,COSM348313",.,.,1,CYP2C19,HGNC,2621,protein_coding,YES,CCDS7436.1,ENSP00000360372,CP2CJ_HUMAN,.,UPI000013DE1E,.,.,.,7/9,.,"hmmpanther:PTHR24300,hmmpanther:PTHR24300:SF131,Gene3D:1.10.630.10,Pfam_domain:PF00067,Superfamily_domains:SSF48264,Prints_domain:PR00463,Prints_domain:PR00385",.,.,.,.,.,.,.,.,.,.,"0,1",.,.,.,.,.,HIGH,.,SNV,.,.,"0,1",.,.,.,.,.,.,.,.,.,1,PASS,NONE,SOMATICSNIPER|RADIA|MUTECT|MUSE|VARSCANS,TGCACGAGGTC,byFrequency,5,p.E354*,LOF,YES,HIGH_CONFIDENCE_LOF,structural_variant,NA,Poor Metabolizer,Altered Drug Metabolism
CYP2C19,0,.,GRCh37,10,96612635,96612635,+,Frame_Shift_Del,DEL,C,C,-,.,.,TCGA-33-4533-01A-01D-1267-08,TCGA-33-4533-11A-01D-1267-08,C,C,.,.,.,.,.,.,.,.,.,.,.,.,.,.,.,c.1439delC,p.Pro480ArgfsTer54,p.P480Rfs*54,ENST00000371321,9/9,253,135,118,193,193,0,"CYP2C19,frameshift_variant,p.Pro480ArgfsTer54,ENST00000371321,;CYP2C19,non_coding_transcript_exon_variant,,ENST00000464755,;",-,ENSG00000165841,ENST00000371321,Transcript,frameshift_variant,1519,1437,479,V/X,gtC/gt,COSM3441980,.,.,1,CYP2C19,HGNC,2621,protein_coding,YES,CCDS7436.1,ENSP00000360372,CP2CJ_HUMAN,.,UPI000013DE1E,.,.,.,9/9,.,"hmmpanther:PTHR24300,hmmpanther:PTHR24300:SF131,Gene3D:1.10.630.10,Pfam_domain:PF00067,Superfamily_domains:SSF48264",.,.,.,.,.,.,.,.,.,.,1,.,.,.,.,.,HIGH,.,deletion,.,2,1,.,.,.,.,.,.,.,.,.,1,PASS,NONE,INDELOCATOR*|VARSCANI*|PINDEL,TTCTGTCCCGCC,.,3,p.P480Rfs*54,LOF,YES,HIGH_CONFIDENCE_LOF,structural_variant,NA,Poor Metabolizer,Altered Drug Metabolism
CYP2C19,0,.,GRCh37,10,96522631,96522631,+,Splice_Site,SNP,G,G,T,novel,.,TCGA-39-5034-01A-01D-1441-08,TCGA-39-5034-11A-01D-1441-08,G,G,.,.,.,.,.,.,.,.,.,.,.,.,.,.,.,c.168+1G>T,.,p.X56_splice,ENST00000371321,.,90,72,18,85,85,0,"CYP2C19,splice_donor_variant,,ENST00000371321,;CYP2C19,splice_donor_variant,,ENST00000480405,;CYP2C19,intron_variant,,ENST00000464755,;",T,ENSG00000165841,ENST00000371321,Transcript,splice_donor_variant,.,.,.,.,.,.,.,.,1,CYP2C19,HGNC,2621,protein_coding,YES,CCDS7436.1,ENSP00000360372,CP2CJ_HUMAN,.,UPI000013DE1E,.,.,.,.,1/8,.,.,.,.,.,.,.,.,.,.,.,.,.,.,.,.,.,HIGH,.,SNV,.,.,.,.,.,.,.,.,.,.,.,.,1,PASS,NONE,MUTECT|MUSE|VARSCANS,CCAATGTAAGT,.,3,p.X56_splice,LOF,YES,HIGH_CONFIDENCE_LOF,structural_variant,NA,Poor Metabolizer,Altered Drug Metabolism
DPYD,0,.,GRCh37,1,97981341,97981341,+,Nonsense_Mutation,SNP,G,G,A,.,.,TCGA-50-5933-01A-11D-1753-08,TCGA-50-5933-11A-01D-1753-08,G,G,.,.,.,.,.,.,.,.,.,.,.,.,.,.,.,c.1681C>T,p.Arg561Ter,p.R561*,ENST00000370192,13/23,66,59,6,67,67,0,"DPYD,stop_gained,p.Arg561Ter,ENST00000370192,;",A,ENSG00000188641,ENST00000370192,Transcript,stop_gained,1782,1681,561,R/*,Cga/Tga,COSM298652,.,.,-1,DPYD,HGNC,3012,protein_coding,YES,CCDS30777.1,ENSP00000359211,DPYD_HUMAN,.,UPI0000458949,.,.,.,13/23,.,"hmmpanther:PTHR11938,hmmpanther:PTHR11938:SF5,Pfam_domain:PF01180,Gene3D:3.20.20.70,TIGRFAM_domain:TIGR01037,Superfamily_domains:SSF51395",.,.,.,.,.,.,.,.,.,.,1,.,.,.,.,.,HIGH,.,SNV,.,.,1,.,.,.,.,.,.,.,.,.,.,PASS,CODON|p.R561Q|c.1682G>A|3,RADIA|MUSE|VARSCANS,TCTTCGAATCA,.,3,p.R561*,LOF,YES,HIGH_CONFIDENCE_LOF,structural_variant,NA,DPD Deficiency,Fluoropyrimidine Toxicity
CYP2D6,0,.,GRCh37,22,42525912,42525912,+,Splice_Site,SNP,C,C,G,rs201377835,.,TCGA-77-7142-01A-11D-2042-08,TCGA-77-7142-11A-01D-2042-08,C,C,.,.,.,.,.,.,.,.,.,.,.,.,.,.,.,c.181-1G>C,.,p.X61_splice,ENST00000360608,.,12,7,4,19,19,0,"CYP2D6,splice_acceptor_variant,,ENST00000360608,;CYP2D6,splice_acceptor_variant,,ENST00000389970,;CYP2D6,splice_acceptor_variant,,ENST00000359033,;NDUFA6-AS1,intron_variant,,ENST00000416037,;NDUFA6-AS1,intron_variant,,ENST00000439129,;NDUFA6-AS1,upstream_gene_variant,,ENST00000608288,;NDUFA6-AS1,downstream_gene_variant,,ENST00000451451,;NDUFA6-AS1,downstream_gene_variant,,ENST00000434834,;NDUFA6-AS1,downstream_gene_variant,,ENST00000595777,;NDUFA6-AS1,downstream_gene_variant,,ENST00000417327,;NDUFA6-AS1,upstream_gene_variant,,ENST00000608491,;NDUFA6-AS1,downstream_gene_variant,,ENST00000600968,;NDUFA6-AS1,downstream_gene_variant,,ENST00000536447,;CYP2D6,non_coding_transcript_exon_variant,,ENST00000488442,;CYP2D6,upstream_gene_variant,,ENST00000360124,;RP4-669P10.19,upstream_gene_variant,,ENST00000417586,;",G,ENSG00000100197,ENST00000360608,Transcript,splice_acceptor_variant,.,.,.,.,.,"rs201377835,CS952439",.,.,-1,CYP2D6,HGNC,2625,protein_coding,YES,CCDS46721.1,ENSP00000353820,.,"Q6NWU0_HUMAN,Q007T9_HUMAN",UPI0000157756,.,.,.,.,1/8,.,G:0.0002,G:0.0008,G:0,.,G:0,G:0,G:0,.,.,.,.,.,.,.,.,.,HIGH,.,SNV,.,.,"0,1",.,.,.,.,.,.,.,.,.,.,PASS,NONE,RADIA|MUTECT|MUSE,CGCAACTGCAG,byCluster|by1000G,3,p.X61_splice,LOF,YES,HIGH_CONFIDENCE_LOF,structural_variant,NA,Poor Metabolizer,Altered Drug Metabolism
CYP2C19,0,.,GRCh37,10,96522526,96522526,+,Nonsense_Mutation,SNP,C,C,T,.,.,TCGA-78-7166-01A-12D-2063-08,TCGA-78-7166-11A-01D-2063-08,C,C,.,.,.,.,.,.,.,.,.,.,.,.,.,.,.,c.64C>T,p.Gln22Ter,p.Q22*,ENST00000371321,1/9,180,123,56,180,180,0,"CYP2C19,stop_gained,p.Gln22Ter,ENST00000371321,;CYP2C19,non_coding_transcript_exon_variant,,ENST00000480405,;CYP2C19,intron_variant,,ENST00000464755,;",T,ENSG00000165841,ENST00000371321,Transcript,stop_gained,146,64,22,Q/*,Cag/Tag,COSM1506378,.,.,1,CYP2C19,HGNC,2621,protein_coding,YES,CCDS7436.1,ENSP00000360372,CP2CJ_HUMAN,.,UPI000013DE1E,.,.,.,1/9,.,"Cleavage_site_(Signalp):SignalP-noTM,hmmpanther:PTHR24300,hmmpanther:PTHR24300:SF131,Gene3D:1.10.630.10",.,.,.,.,.,.,.,.,.,.,1,.,.,.,.,.,HIGH,.,SNV,.,.,1,.,.,.,.,.,.,.,.,.,1,PASS,NONE,SOMATICSNIPER|RADIA|MUTECT|MUSE|VARSCANS,GGAGACAGAGC,.,5,p.Q22*,LOF,YES,HIGH_CONFIDENCE_LOF,structural_variant,NA,Poor Metabolizer,Altered Drug Metabolism
CYP2C19,0,.,GRCh37,10,96609673,96609673,+,Splice_Site,SNP,G,G,T,.,.,TCGA-91-6829-01A-21D-1855-08,TCGA-91-6829-11A-01D-1855-08,G,G,.,.,.,.,.,.,.,.,.,.,.,.,.,.,.,c.1150-1G>T,.,p.X384_splice,ENST00000371321,.,133,108,24,189,189,0,"CYP2C19,splice_acceptor_variant,,ENST00000371321,;CYP2C19,splice_acceptor_variant,,ENST00000464755,;",T,ENSG00000165841,ENST00000371321,Transcript,splice_acceptor_variant,.,.,.,.,.,COSM540050,.,.,1,CYP2C19,HGNC,2621,protein_coding,YES,CCDS7436.1,ENSP00000360372,CP2CJ_HUMAN,.,UPI000013DE1E,.,.,.,.,7/8,.,.,.,.,.,.,.,.,.,.,.,1,.,.,.,.,.,HIGH,.,SNV,.,.,1,.,.,.,.,.,.,.,.,.,1,PASS,NONE,SOMATICSNIPER|RADIA|MUTECT|MUSE|VARSCANS,TTCTAGGGCAC,.,5,p.X384_splice,LOF,YES,HIGH_CONFIDENCE_LOF,structural_variant,NA,Poor Metabolizer,Altered Drug Metabolism
DPYD,0,.,GRCh37,1,98164965,98164965,+,Nonsense_Mutation,SNP,G,G,A,.,.,TCGA-A5-A0G1-01A-11D-A122-09,TCGA-A5-A0G1-10A-01D-A122-09,G,G,.,.,.,.,.,.,.,.,.,.,.,.,.,.,.,c.622C>T,p.Arg208Ter,p.R208*,ENST00000370192,6/23,208,168,40,286,286,0,"DPYD,stop_gained,p.Arg208Ter,ENST00000370192,;DPYD,3_prime_UTR_variant,,ENST00000423006,;DPYD,non_coding_transcript_exon_variant,,ENST00000474241,;",A,ENSG00000188641,ENST00000370192,Transcript,stop_gained,723,622,208,R/*,Cga/Tga,COSM3493679,.,.,-1,DPYD,HGNC,3012,protein_coding,YES,CCDS30777.1,ENSP00000359211,DPYD_HUMAN,.,UPI0000458949,.,.,.,6/23,.,"hmmpanther:PTHR11938,hmmpanther:PTHR11938:SF5,Pfam_domain:PF13450,Gene3D:3.50.50.60,Superfamily_domains:SSF51971,Prints_domain:PR00419",.,.,.,.,.,.,.,.,.,.,1,.,.,.,.,.,HIGH,.,SNV,.,.,1,.,.,.,.,.,.,.,.,.,.,PASS,BUFFER|p.S204F|c.611C>T|4,MUTECT|RADIA|SOMATICSNIPER|MUSE|VARSCANS,CAATCGAGCCA,.,5,p.R208*,LOF,YES,HIGH_CONFIDENCE_LOF,structural_variant,NA,DPD Deficiency,Fluoropyrimidine Toxicity
DPYD,0,.,GRCh37,1,97981341,97981341,+,Nonsense_Mutation,SNP,G,G,A,.,.,TCGA-A5-A0G2-01A-11W-A062-09,TCGA-A5-A0G2-10A-01W-A062-09,G,G,.,.,.,.,.,.,.,.,.,.,.,.,.,.,.,c.1681C>T,p.Arg561Ter,p.R561*,ENST00000370192,13/23,196,152,43,254,254,0,"DPYD,stop_gained,p.Arg561Ter,ENST00000370192,;",A,ENSG00000188641,ENST00000370192,Transcript,stop_gained,1782,1681,561,R/*,Cga/Tga,COSM298652,.,.,-1,DPYD,HGNC,3012,protein_coding,YES,CCDS30777.1,ENSP00000359211,DPYD_HUMAN,.,UPI0000458949,.,.,.,13/23,.,"hmmpanther:PTHR11938,hmmpanther:PTHR11938:SF5,Pfam_domain:PF01180,Gene3D:3.20.20.70,TIGRFAM_domain:TIGR01037,Superfamily_domains:SSF51395",.,.,.,.,.,.,.,.,.,.,1,.,.,.,.,.,HIGH,.,SNV,.,.,1,.,.,.,.,.,.,.,.,.,.,wga,CODON|p.R561Q|c.1682G>A|3,MUTECT|RADIA|SOMATICSNIPER|MUSE|VARSCANS,TCTTCGAATCA,.,5,p.R561*,LOF,YES,HIGH_CONFIDENCE_LOF,structural_variant,NA,DPD Deficiency,Fluoropyrimidine Toxicity
DPYD,0,.,GRCh37,1,98015115,98015115,+,Splice_Site,SNP,C,C,T,novel,.,TCGA-A5-A1OF-01A-11D-A14G-09,TCGA-A5-A1OF-10A-01D-A14G-09,C,C,.,.,.,.,.,.,.,.,.,.,.,.,.,.,.,c.1524+1G>A,.,p.X508_splice,ENST00000370192,.,36,23,13,27,27,0,"DPYD,splice_donor_variant,,ENST00000370192,;SEC63P1,downstream_gene_variant,,ENST00000425785,;",T,ENSG00000188641,ENST00000370192,Transcript,splice_donor_variant,.,.,.,.,.,.,.,.,-1,DPYD,HGNC,3012,protein_coding,YES,CCDS30777.1,ENSP00000359211,DPYD_HUMAN,.,UPI0000458949,.,.,.,.,12/22,.,.,.,.,.,.,.,.,.,.,.,.,.,.,.,.,.,HIGH,.,SNV,.,.,.,.,.,.,.,.,.,.,.,.,.,PASS,NONE,MUTECT|RADIA|SOMATICSNIPER|MUSE|VARSCANS,GCCTACCTGTA,.,5,p.X508_splice,LOF,YES,HIGH_CONFIDENCE_LOF,structural_variant,NA,DPD Deficiency,Fluoropyrimidine Toxicity
TPMT,0,.,GRCh37,6,18143893,18143893,+,Frame_Shift_Del,DEL,A,A,-,novel,.,TCGA-AA-3715-01A-01W-0900-09,TCGA-AA-3715-10A-01W-0900-09,A,A,.,.,.,.,.,.,.,.,.,.,.,.,.,.,.,c.300delT,p.Phe100LeufsTer49,p.F100Lfs*49,ENST00000309983,4/9,82,70,12,103,103,0,"TPMT,frameshift_variant,p.Phe100LeufsTer49,ENST00000309983,;",-,ENSG00000137364,ENST00000309983,Transcript,frameshift_variant,386,300,100,F/X,ttT/tt,.,.,.,-1,TPMT,HGNC,12014,protein_coding,YES,CCDS4543.1,ENSP00000312304,TPMT_HUMAN,.,UPI0000137261,.,.,.,4/9,.,"PROSITE_profiles:PS51585,HAMAP:MF_00812,hmmpanther:PTHR10259,Gene3D:3.40.50.150,Pfam_domain:PF05724,PIRSF_domain:PIRSF023956,Superfamily_domains:SSF53335",.,.,.,.,.,.,.,.,.,.,.,.,.,.,.,.,HIGH,.,deletion,.,.,.,.,.,.,.,.,.,.,.,.,.,wga,NONE,INDELOCATOR*|VARSCANI*|PINDEL,CTCTGTAAAAAA,.,3,p.F100Lfs*49,LOF,YES,HIGH_CONFIDENCE_LOF,structural_variant,NA,Low TPMT Activity,Thiopurine Toxicity
DPYD,0,.,GRCh37,1,97981455,97981455,+,Frame_Shift_Del,DEL,G,G,-,novel,.,TCGA-AA-3845-01A-01W-0995-10,TCGA-AA-3845-10A-01W-0995-10,G,G,.,.,.,.,.,.,.,.,.,.,.,.,.,.,.,c.1567delC,p.Leu523SerfsTer13,p.L523Sfs*13,ENST00000370192,13/23,325,243,82,97,97,0,"DPYD,frameshift_variant,p.Leu523SerfsTer13,ENST00000370192,;",-,ENSG00000188641,ENST00000370192,Transcript,frameshift_variant,1668,1567,523,L/X,Ctc/tc,.,.,.,-1,DPYD,HGNC,3012,protein_coding,YES,CCDS30777.1,ENSP00000359211,DPYD_HUMAN,.,UPI0000458949,.,.,.,13/23,.,"hmmpanther:PTHR11938,hmmpanther:PTHR11938:SF5",.,.,.,.,.,.,.,.,.,.,.,.,.,.,.,.,HIGH,.,deletion,.,.,.,.,.,.,.,.,.,.,.,.,.,wga,NONE,INDELOCATOR*|VARSCANI*|PINDEL,AAAAGAGGGGTA,.,3,p.L523Sfs*13,LOF,YES,HIGH_CONFIDENCE_LOF,structural_variant,NA,DPD Deficiency,Fluoropyrimidine Toxicity
DPYD,0,.,GRCh37,1,97771791,97771791,+,Frame_Shift_Del,DEL,A,A,-,novel,.,TCGA-AA-3966-01A-01W-1073-09,TCGA-AA-3966-10A-01W-1073-09,A,A,.,.,.,.,.,.,.,.,.,.,.,.,.,.,.,c.2121delT,p.Phe707LeufsTer4,p.F707Lfs*4,ENST00000370192,17/23,184,148,36,179,179,0,"DPYD,frameshift_variant,p.Phe707LeufsTer4,ENST00000370192,;DPYD-AS1,non_coding_transcript_exon_variant,,ENST00000422980,;",-,ENSG00000188641,ENST00000370192,Transcript,frameshift_variant,2222,2121,707,F/X,ttT/tt,.,.,.,-1,DPYD,HGNC,3012,protein_coding,YES,CCDS30777.1,ENSP00000359211,DPYD_HUMAN,.,UPI0000458949,.,.,.,17/23,.,"hmmpanther:PTHR11938,hmmpanther:PTHR11938:SF5,Pfam_domain:PF01180,Gene3D:3.20.20.70,TIGRFAM_domain:TIGR01037,Superfamily_domains:SSF51395",.,.,.,.,.,.,.,.,.,.,.,.,.,.,.,.,HIGH,.,deletion,.,.,.,.,.,.,.,.,.,.,.,.,.,wga,NONE,INDELOCATOR*|VARSCANI*|PINDEL,CTTGGCAAAAAA,.,3,p.F707Lfs*4,LOF,YES,HIGH_CONFIDENCE_LOF,structural_variant,NA,DPD Deficiency,Fluoropyrimidine Toxicity
CYP2C19,0,.,GRCh37,10,96580395,96580395,+,Splice_Site,SNP,G,G,A,rs200506574,.,TCGA-AA-A010-01A-01D-A17O-10,TCGA-AA-A010-10A-01D-A17O-10,G,G,.,.,.,.,.,.,.,.,.,.,.,.,.,.,.,c.961+1G>A,.,p.X321_splice,ENST00000371321,.,93,60,32,34,34,0,"CYP2C19,splice_donor_variant,,ENST00000371321,;CYP2C19,splice_donor_variant,,ENST00000464755,;",A,ENSG00000165841,ENST00000371321,Transcript,splice_donor_variant,.,.,.,.,.,rs200506574,.,.,1,CYP2C19,HGNC,2621,protein_coding,YES,CCDS7436.1,ENSP00000360372,CP2CJ_HUMAN,.,UPI000013DE1E,.,.,.,.,6/8,.,.,.,.,.,.,.,.,.,.,.,.,.,.,.,.,.,HIGH,.,SNV,.,.,.,.,.,.,.,.,.,.,.,.,1,PASS,NONE,SOMATICSNIPER|RADIA|MUTECT|MUSE|VARSCANS,CACAGGTATGA,byCluster,5,p.X321_splice,LOF,YES,HIGH_CONFIDENCE_LOF,structural_variant,NA,Poor Metabolizer,Altered Drug Metabolism
DPYD,0,.,GRCh37,1,97770898,97770898,+,Nonsense_Mutation,SNP,G,G,C,.,.,TCGA-AC-A23H-01A-11D-A159-09,TCGA-AC-A23H-11A-12D-A17G-09,G,G,.,.,.,.,.,.,.,.,.,.,.,.,.,.,.,c.2216C>G,p.Ser739Ter,p.S739*,ENST00000370192,18/23,103,72,31,104,104,0,"DPYD,stop_gained,p.Ser739Ter,ENST00000370192,;DPYD-AS1,intron_variant,,ENST00000422980,;",C,ENSG00000188641,ENST00000370192,Transcript,stop_gained,2317,2216,739,S/*,tCa/tGa,COSM3806193,.,.,-1,DPYD,HGNC,3012,protein_coding,YES,CCDS30777.1,ENSP00000359211,DPYD_HUMAN,.,UPI0000458949,.,.,.,18/23,.,"hmmpanther:PTHR11938,hmmpanther:PTHR11938:SF5,Pfam_domain:PF01180,Gene3D:3.20.20.70,TIGRFAM_domain:TIGR01037,Superfamily_domains:SSF51395",.,.,.,.,.,.,.,.,.,.,1,.,.,.,.,.,HIGH,.,SNV,.,.,1,.,.,.,.,.,.,.,.,.,.,PASS,NONE,MUTECT|RADIA|SOMATICSNIPER|MUSE|VARSCANS,GACCTGAGACA,.,5,p.S739*,LOF,YES,HIGH_CONFIDENCE_LOF,structural_variant,NA,DPD Deficiency,Fluoropyrimidine Toxicity
CYP2D6,0,.,GRCh37,22,42523508,42523508,+,Frame_Shift_Del,DEL,G,G,-,.,.,TCGA-AD-6889-01A-11D-1924-10,TCGA-AD-6889-10A-01D-1924-10,G,G,.,.,.,.,.,.,.,.,.,.,.,.,.,.,.,c.1114delC,p.Leu372TrpfsTer3,p.L372Wfs*3,ENST00000360608,7/9,128,91,37,167,167,0,"CYP2D6,frameshift_variant,p.Leu372TrpfsTer3,ENST00000360608,;CYP2D6,frameshift_variant,p.Leu321TrpfsTer3,ENST00000359033,;CYP2D6,frameshift_variant,p.Leu372TrpfsTer3,ENST00000389970,;NDUFA6-AS1,intron_variant,,ENST00000416037,;NDUFA6-AS1,intron_variant,,ENST00000439129,;NDUFA6-AS1,downstream_gene_variant,,ENST00000451451,;NDUFA6-AS1,upstream_gene_variant,,ENST00000608491,;NDUFA6-AS1,downstream_gene_variant,,ENST00000600968,;NDUFA6-AS1,upstream_gene_variant,,ENST00000608288,;NDUFA6-AS1,downstream_gene_variant,,ENST00000595777,;NDUFA6-AS1,downstream_gene_variant,,ENST00000434834,;NDUFA6-AS1,downstream_gene_variant,,ENST00000610250,;NDUFA6-AS1,downstream_gene_variant,,ENST00000417327,;NDUFA6-AS1,downstream_gene_variant,,ENST00000536447,;CYP2D6,3_prime_UTR_variant,,ENST00000360124,;CYP2D6,non_coding_transcript_exon_variant,,ENST00000488442,;NDUFA6-AS1,downstream_gene_variant,,ENST00000609499,;NDUFA6-AS1,downstream_gene_variant,,ENST00000608643,;NDUFA6-AS1,downstream_gene_variant,,ENST00000609833,;NDUFA6-AS1,downstream_gene_variant,,ENST00000547929,;",-,ENSG00000100197,ENST00000360608,Transcript,frameshift_variant,1229,1114,372,L/X,Ctg/tg,"COSM1416604,COSM1416603",.,.,-1,CYP2D6,HGNC,2625,protein_coding,YES,CCDS46721.1,ENSP00000353820,.,"Q6NWU0_HUMAN,Q007T9_HUMAN",UPI0000157756,.,.,.,7/9,.,"hmmpanther:PTHR24300,hmmpanther:PTHR24300:SF13,Gene3D:1.10.630.10,Pfam_domain:PF00067,Superfamily_domains:SSF48264,Prints_domain:PR00463",.,.,.,.,.,.,.,.,.,.,"1,1",.,.,.,.,.,HIGH,.,deletion,.,.,"1,1",.,.,.,.,.,.,.,.,.,.,PASS,NONE,INDELOCATOR*|VARSCANI*|PINDEL,CACCCAGGGGGA,.,3,p.L372Wfs*3,LOF,YES,HIGH_CONFIDENCE_LOF,structural_variant,NA,Poor Metabolizer,Altered Drug Metabolism
TPMT,0,.,GRCh37,6,18130929,18130929,+,Frame_Shift_Del,DEL,A,A,-,novel,.,TCGA-AD-A5EJ-01A-11D-A28G-10,TCGA-AD-A5EJ-10A-01D-A28G-10,A,A,.,.,.,.,.,.,.,.,.,.,.,.,.,.,.,c.708delT,p.Phe236LeufsTer12,p.F236Lfs*12,ENST00000309983,9/9,191,143,48,181,181,0,"TPMT,frameshift_variant,p.Phe236LeufsTer12,ENST00000309983,;",-,ENSG00000137364,ENST00000309983,Transcript,frameshift_variant,794,708,236,F/X,ttT/tt,.,.,.,-1,TPMT,HGNC,12014,protein_coding,YES,CCDS4543.1,ENSP00000312304,TPMT_HUMAN,.,UPI0000137261,.,.,.,9/9,.,"PROSITE_profiles:PS51585,HAMAP:MF_00812,hmmpanther:PTHR10259,Gene3D:3.40.50.150,Pfam_domain:PF05724,PIRSF_domain:PIRSF023956,Superfamily_domains:SSF53335",.,.,.,.,.,.,.,.,.,.,.,.,.,.,.,.,HIGH,.,deletion,.,.,.,.,.,.,.,.,.,.,.,.,.,PASS,NONE,INDELOCATOR*|VARSCANI*|PINDEL,CTTTTCAAAAAG,.,3,p.F236Lfs*12,LOF,YES,HIGH_CONFIDENCE_LOF,structural_variant,NA,Low TPMT Activity,Thiopurine Toxicity
DPYD,0,.,GRCh37,1,97544684,97544684,+,Nonsense_Mutation,SNP,C,C,A,.,.,TCGA-AG-A002-01A-01W-A00K-09,TCGA-AG-A002-10A-01W-A00K-09,C,C,.,.,.,.,.,.,.,.,.,.,.,.,.,.,.,c.2926G>T,p.Glu976Ter,p.E976*,ENST00000370192,23/23,234,142,91,293,293,0,"DPYD,stop_gained,p.Glu976Ter,ENST00000370192,;",A,ENSG00000188641,ENST00000370192,Transcript,stop_gained,3027,2926,976,E/*,Gaa/Taa,COSM169496,.,.,-1,DPYD,HGNC,3012,protein_coding,YES,CCDS30777.1,ENSP00000359211,DPYD_HUMAN,.,UPI0000458949,.,.,.,23/23,.,"PROSITE_profiles:PS51379,hmmpanther:PTHR11938,hmmpanther:PTHR11938:SF5,Gene3D:3.30.70.20,Pfam_domain:PF14697,Superfamily_domains:SSF54862",.,.,.,.,.,.,.,.,.,.,1,.,.,.,.,.,HIGH,.,SNV,.,.,1,.,.,.,.,.,.,.,.,.,.,wga,NONE,MUTECT|SOMATICSNIPER|MUSE|VARSCANS,GGTTTCTGGAT,.,4,p.E976*,LOF,YES,HIGH_CONFIDENCE_LOF,structural_variant,NA,DPD Deficiency,Fluoropyrimidine Toxicity
DPYD,0,.,GRCh37,1,98015295,98015295,+,Nonsense_Mutation,SNP,C,C,A,novel,.,TCGA-AJ-A3EL-01A-11D-A20S-09,TCGA-AJ-A3EL-10A-01D-A20S-09,C,C,.,.,.,.,.,.,.,.,.,.,.,.,.,.,.,c.1345G>T,p.Glu449Ter,p.E449*,ENST00000370192,12/23,25,19,5,50,50,0,"DPYD,stop_gained,p.Glu449Ter,ENST00000370192,;SEC63P1,downstream_gene_variant,,ENST00000425785,;",A,ENSG00000188641,ENST00000370192,Transcript,stop_gained,1446,1345,449,E/*,Gaa/Taa,.,.,.,-1,DPYD,HGNC,3012,protein_coding,YES,CCDS30777.1,ENSP00000359211,DPYD_HUMAN,.,UPI0000458949,.,.,.,12/23,.,"hmmpanther:PTHR11938,hmmpanther:PTHR11938:SF5,Gene3D:3.50.50.60,Superfamily_domains:SSF51971",.,.,.,.,.,.,.,.,.,.,.,.,.,.,.,.,HIGH,.,SNV,.,.,.,.,.,.,.,.,.,.,.,.,.,PASS,NONE,MUTECT|RADIA|SOMATICSNIPER|MUSE|VARSCANS,GGCTTCTTTTA,.,5,p.E449*,LOF,YES,HIGH_CONFIDENCE_LOF,structural_variant,NA,DPD Deficiency,Fluoropyrimidine Toxicity
CYP2D6,0,.,GRCh37,22,42525144,42525145,+,Frame_Shift_Ins,INS,-,-,T,.,.,TCGA-AO-A0J6-01A-11W-A050-09,TCGA-AO-A0J6-10A-01W-A055-09,-,-,.,.,.,.,.,.,.,.,.,.,.,.,.,.,.,c.395_396insA,p.Arg133AlafsTer121,p.R133Afs*121,ENST00000360608,3/9,52,19,33,65,65,0,"CYP2D6,frameshift_variant,p.Arg133AlafsTer121,ENST00000360608,;CYP2D6,frameshift_variant,p.Arg133AlafsTer121,ENST00000389970,;CYP2D6,intron_variant,,ENST00000359033,;NDUFA6-AS1,intron_variant,,ENST00000416037,;NDUFA6-AS1,intron_variant,,ENST00000439129,;NDUFA6-AS1,downstream_gene_variant,,ENST00000451451,;NDUFA6-AS1,upstream_gene_variant,,ENST00000608491,;NDUFA6-AS1,downstream_gene_variant,,ENST00000600968,;NDUFA6-AS1,upstream_gene_variant,,ENST00000608288,;NDUFA6-AS1,downstream_gene_variant,,ENST00000595777,;NDUFA6-AS1,downstream_gene_variant,,ENST00000434834,;NDUFA6-AS1,downstream_gene_variant,,ENST00000610250,;NDUFA6-AS1,downstream_gene_variant,,ENST00000417327,;NDUFA6-AS1,downstream_gene_variant,,ENST00000536447,;CYP2D6,non_coding_transcript_exon_variant,,ENST00000488442,;CYP2D6,intron_variant,,ENST00000360124,;NDUFA6-AS1,downstream_gene_variant,,ENST00000609499,;NDUFA6-AS1,downstream_gene_variant,,ENST00000608643,;NDUFA6-AS1,downstream_gene_variant,,ENST00000609833,;NDUFA6-AS1,downstream_gene_variant,,ENST00000547929,;RP4-669P10.19,upstream_gene_variant,,ENST00000417586,;",T,ENSG00000100197,ENST00000360608,Transcript,frameshift_variant,510-511,395-396,132,R/RX,agg/agAg,COSM445069,.,.,-1,CYP2D6,HGNC,2625,protein_coding,YES,CCDS46721.1,ENSP00000353820,.,"Q6NWU0_HUMAN,Q007T9_HUMAN",UPI0000157756,.,.,.,3/9,.,"hmmpanther:PTHR24300,hmmpanther:PTHR24300:SF13,Gene3D:1.10.630.10,Pfam_domain:PF00067,Superfamily_domains:SSF48264",.,.,.,.,.,.,.,.,.,.,1,.,.,.,.,.,HIGH,.,insertion,.,.,1,.,.,.,.,.,.,.,.,.,.,wga,NONE,INDELOCATOR*|VARSCANI*|PINDEL,AAGCGCCTCTG,.,3,p.R133Afs*121,LOF,YES,HIGH_CONFIDENCE_LOF,structural_variant,NA,Poor Metabolizer,Altered Drug Metabolism
TPMT,0,.,GRCh37,6,18143901,18143901,+,Nonsense_Mutation,SNP,C,C,A,rs72552739,.,TCGA-AP-A056-01A-11W-A027-09,TCGA-AP-A056-10A-01W-A027-09,C,C,.,.,.,.,.,.,.,.,.,.,.,.,.,.,.,c.292G>T,p.Glu98Ter,p.E98*,ENST00000309983,4/9,91,55,36,131,131,0,"TPMT,stop_gained,p.Glu98Ter,ENST00000309983,;",A,ENSG00000137364,ENST00000309983,Transcript,stop_gained,378,292,98,E/*,Gaa/Taa,"CM971510,rs72552739,COSM1076372",.,.,-1,TPMT,HGNC,12014,protein_coding,YES,CCDS4543.1,ENSP00000312304,TPMT_HUMAN,.,UPI0000137261,.,.,.,4/9,.,"PROSITE_profiles:PS51585,HAMAP:MF_00812,hmmpanther:PTHR10259,Gene3D:3.40.50.150,Pfam_domain:PF05724,PIRSF_domain:PIRSF023956,Superfamily_domains:SSF53335",.,.,.,.,.,.,.,A:0.0002,A:0.0002,.,"0,0,1",24762746,.,.,.,.,HIGH,.,SNV,.,.,"1,0,1",.,.,.,.,.,.,.,.,.,.,wga,NONE,MUTECT|RADIA|SOMATICSNIPER|MUSE|VARSCANS,AAATTCTTGTA,byFrequency|byCluster,5,p.E98*,LOF,YES,HIGH_CONFIDENCE_LOF,structural_variant,NA,Low TPMT Activity,Thiopurine Toxicity
DPYD,0,.,GRCh37,1,98164965,98164965,+,Nonsense_Mutation,SNP,G,G,A,.,.,TCGA-AP-A1DV-01A-21D-A135-09,TCGA-AP-A1DV-10A-01D-A135-09,G,G,.,.,.,.,.,.,.,.,.,.,.,.,.,.,.,c.622C>T,p.Arg208Ter,p.R208*,ENST00000370192,6/23,34,20,13,19,19,0,"DPYD,stop_gained,p.Arg208Ter,ENST00000370192,;DPYD,3_prime_UTR_variant,,ENST00000423006,;DPYD,non_coding_transcript_exon_variant,,ENST00000474241,;",A,ENSG00000188641,ENST00000370192,Transcript,stop_gained,723,622,208,R/*,Cga/Tga,COSM3493679,.,.,-1,DPYD,HGNC,3012,protein_coding,YES,CCDS30777.1,ENSP00000359211,DPYD_HUMAN,.,UPI0000458949,.,.,.,6/23,.,"hmmpanther:PTHR11938,hmmpanther:PTHR11938:SF5,Pfam_domain:PF13450,Gene3D:3.50.50.60,Superfamily_domains:SSF51971,Prints_domain:PR00419",.,.,.,.,.,.,.,.,.,.,1,.,.,.,.,.,HIGH,.,SNV,.,.,1,.,.,.,.,.,.,.,.,.,.,PASS,BUFFER|p.S204F|c.611C>T|4,MUTECT|RADIA|SOMATICSNIPER|MUSE|VARSCANS,CAATCGAGCCA,.,5,p.R208*,LOF,YES,HIGH_CONFIDENCE_LOF,structural_variant,NA,DPD Deficiency,Fluoropyrimidine Toxicity
DPYD,0,.,GRCh37,1,97564116,97564116,+,Nonsense_Mutation,SNP,C,C,A,.,.,TCGA-B5-A0JY-01A-11D-A10B-09,TCGA-B5-A0JY-10A-01D-A10O-09,C,C,.,.,.,.,.,.,.,.,.,.,.,.,.,.,.,c.2695G>T,p.Glu899Ter,p.E899*,ENST00000370192,21/23,201,139,62,351,351,0,"DPYD,stop_gained,p.Glu899Ter,ENST00000370192,;DPYD-AS1,intron_variant,,ENST00000422980,;",A,ENSG00000188641,ENST00000370192,Transcript,stop_gained,2796,2695,899,E/*,Gaa/Taa,COSM913580,.,.,-1,DPYD,HGNC,3012,protein_coding,YES,CCDS30777.1,ENSP00000359211,DPYD_HUMAN,.,UPI0000458949,.,.,.,21/23,.,"hmmpanther:PTHR11938,hmmpanther:PTHR11938:SF5,Superfamily_domains:SSF54862",.,.,.,.,.,.,.,.,.,.,1,.,.,.,.,.,HIGH,.,SNV,.,.,1,.,.,.,.,.,.,.,.,.,.,PASS,NONE,SOMATICSNIPER|RADIA|MUTECT|MUSE|VARSCANS,TTGTTCTTTCA,.,5,p.E899*,LOF,YES,HIGH_CONFIDENCE_LOF,structural_variant,NA,DPD Deficiency,Fluoropyrimidine Toxicity
DPYD,0,.,GRCh37,1,97771791,97771791,+,Frame_Shift_Del,DEL,A,A,-,novel,.,TCGA-B5-A0K9-01A-21D-A10O-09,TCGA-B5-A0K9-10A-02D-A10B-09,A,A,.,.,.,.,.,.,.,.,.,.,.,.,.,.,.,c.2121delT,p.Phe707LeufsTer4,p.F707Lfs*4,ENST00000370192,17/23,270,216,54,110,110,0,"DPYD,frameshift_variant,p.Phe707LeufsTer4,ENST00000370192,;DPYD-AS1,non_coding_transcript_exon_variant,,ENST00000422980,;",-,ENSG00000188641,ENST00000370192,Transcript,frameshift_variant,2222,2121,707,F/X,ttT/tt,.,.,.,-1,DPYD,HGNC,3012,protein_coding,YES,CCDS30777.1,ENSP00000359211,DPYD_HUMAN,.,UPI0000458949,.,.,.,17/23,.,"hmmpanther:PTHR11938,hmmpanther:PTHR11938:SF5,Pfam_domain:PF01180,Gene3D:3.20.20.70,TIGRFAM_domain:TIGR01037,Superfamily_domains:SSF51395",.,.,.,.,.,.,.,.,.,.,.,.,.,.,.,.,HIGH,.,deletion,.,.,.,.,.,.,.,.,.,.,.,.,.,PASS,NONE,INDELOCATOR*|VARSCANI*|PINDEL,CTTGGCAAAAAA,.,3,p.F707Lfs*4,LOF,YES,HIGH_CONFIDENCE_LOF,structural_variant,NA,DPD Deficiency,Fluoropyrimidine Toxicity
CYP2D6,0,.,GRCh37,22,42523507,42523516,+,Frame_Shift_Del,DEL,AGGGGGACGA,AGGGGGACGA,-,novel,.,TCGA-B9-4113-01A-01D-1252-08,TCGA-B9-4113-11A-01D-1252-08,AGGGGGACGA,AGGGGGACGA,.,.,.,.,.,.,.,.,.,.,.,.,.,.,.,c.1106_1115delTCGTCCCCCT,p.Ile369ArgfsTer3,p.I369Rfs*3,ENST00000360608,7/9,127,115,12,173,173,0,"CYP2D6,frameshift_variant,p.Ile369ArgfsTer3,ENST00000360608,;CYP2D6,frameshift_variant,p.Ile318ArgfsTer3,ENST00000359033,;CYP2D6,frameshift_variant,p.Ile369ArgfsTer3,ENST00000389970,;NDUFA6-AS1,intron_variant,,ENST00000416037,;NDUFA6-AS1,intron_variant,,ENST00000439129,;NDUFA6-AS1,downstream_gene_variant,,ENST00000451451,;NDUFA6-AS1,upstream_gene_variant,,ENST00000608491,;NDUFA6-AS1,downstream_gene_variant,,ENST00000600968,;NDUFA6-AS1,upstream_gene_variant,,ENST00000608288,;NDUFA6-AS1,downstream_gene_variant,,ENST00000595777,;NDUFA6-AS1,downstream_gene_variant,,ENST00000434834,;NDUFA6-AS1,downstream_gene_variant,,ENST00000610250,;NDUFA6-AS1,downstream_gene_variant,,ENST00000417327,;NDUFA6-AS1,downstream_gene_variant,,ENST00000536447,;CYP2D6,3_prime_UTR_variant,,ENST00000360124,;CYP2D6,non_coding_transcript_exon_variant,,ENST00000488442,;NDUFA6-AS1,downstream_gene_variant,,ENST00000609499,;NDUFA6-AS1,downstream_gene_variant,,ENST00000608643,;NDUFA6-AS1,downstream_gene_variant,,ENST00000609833,;NDUFA6-AS1,downstream_gene_variant,,ENST00000547929,;",-,ENSG00000100197,ENST00000360608,Transcript,frameshift_variant,1221-1230,1106-1115,369-372,IVPL/X,aTCGTCCCCCTg/ag,.,.,.,-1,CYP2D6,HGNC,2625,protein_coding,YES,CCDS46721.1,ENSP00000353820,.,"Q6NWU0_HUMAN,Q007T9_HUMAN",UPI0000157756,.,.,.,7/9,.,"hmmpanther:PTHR24300,hmmpanther:PTHR24300:SF13,Gene3D:1.10.630.10,Pfam_domain:PF00067,Superfamily_domains:SSF48264,Prints_domain:PR00463,Prints_domain:PR00385",.,.,.,.,.,.,.,.,.,.,.,.,.,.,.,.,HIGH,.,deletion,.,.,.,.,.,.,.,.,.,.,.,.,.,PASS,NONE,INDELOCATOR*|VARSCANI*|PINDEL,ACACCCAGGGGGACGATGTCC,.,3,p.I369Rfs*3,LOF,YES,HIGH_CONFIDENCE_LOF,structural_variant,NA,Poor Metabolizer,Altered Drug Metabolism
DPYD,0,.,GRCh37,1,97981281,97981281,+,Splice_Site,SNP,C,C,T,.,.,TCGA-BF-A3DM-01A-11D-A20D-08,TCGA-BF-A3DM-10A-02D-A20D-08,C,C,.,.,.,.,.,.,.,.,.,.,.,.,.,.,.,c.1740+1G>A,.,p.X580_splice,ENST00000370192,.,33,15,18,27,27,0,"DPYD,splice_donor_variant,,ENST00000370192,;",T,ENSG00000188641,ENST00000370192,Transcript,splice_donor_variant,.,.,.,.,.,COSM3866309,.,.,-1,DPYD,HGNC,3012,protein_coding,YES,CCDS30777.1,ENSP00000359211,DPYD_HUMAN,.,UPI0000458949,.,.,.,.,13/22,.,.,.,.,.,.,.,.,.,.,.,1,.,.,.,.,.,HIGH,.,SNV,.,.,1,.,.,.,.,.,.,.,.,.,.,PASS,NONE,SOMATICSNIPER|RADIA|MUTECT|MUSE|VARSCANS,TCTTACCTTAT,.,5,p.X580_splice,LOF,YES,HIGH_CONFIDENCE_LOF,structural_variant,NA,DPD Deficiency,Fluoropyrimidine Toxicity
CYP2D6,0,.,GRCh37,22,42524214,42524214,+,Frame_Shift_Del,DEL,G,G,-,rs756137464,.,TCGA-BG-A222-01A-11D-A159-09,TCGA-BG-A222-10A-01D-A159-09,G,G,.,.,.,.,.,.,.,.,.,.,.,.,.,.,.,c.805delC,p.Arg269GlufsTer3,p.R269Efs*3,ENST00000360608,5/9,119,83,36,84,84,0,"CYP2D6,frameshift_variant,p.Arg269GlufsTer3,ENST00000360608,;CYP2D6,frameshift_variant,p.Arg218GlufsTer3,ENST00000359033,;CYP2D6,frameshift_variant,p.Arg269GlufsTer3,ENST00000389970,;NDUFA6-AS1,intron_variant,,ENST00000416037,;NDUFA6-AS1,intron_variant,,ENST00000439129,;NDUFA6-AS1,downstream_gene_variant,,ENST00000451451,;NDUFA6-AS1,upstream_gene_variant,,ENST00000608491,;NDUFA6-AS1,downstream_gene_variant,,ENST00000600968,;NDUFA6-AS1,upstream_gene_variant,,ENST00000608288,;NDUFA6-AS1,downstream_gene_variant,,ENST00000595777,;NDUFA6-AS1,downstream_gene_variant,,ENST00000434834,;NDUFA6-AS1,downstream_gene_variant,,ENST00000610250,;NDUFA6-AS1,downstream_gene_variant,,ENST00000417327,;NDUFA6-AS1,downstream_gene_variant,,ENST00000536447,;CYP2D6,frameshift_variant,p.Arg158GlufsTer3,ENST00000360124,;CYP2D6,non_coding_transcript_exon_variant,,ENST00000488442,;NDUFA6-AS1,downstream_gene_variant,,ENST00000609499,;NDUFA6-AS1,downstream_gene_variant,,ENST00000608643,;NDUFA6-AS1,downstream_gene_variant,,ENST00000609833,;NDUFA6-AS1,downstream_gene_variant,,ENST00000547929,;RP4-669P10.19,upstream_gene_variant,,ENST00000417586,;",-,ENSG00000100197,ENST00000360608,Transcript,frameshift_variant,920,805,269,R/X,Cga/ga,rs756137464,.,.,-1,CYP2D6,HGNC,2625,protein_coding,YES,CCDS46721.1,ENSP00000353820,.,"Q6NWU0_HUMAN,Q007T9_HUMAN",UPI0000157756,.,.,.,5/9,.,"hmmpanther:PTHR24300,hmmpanther:PTHR24300:SF13,Gene3D:1.10.630.10,Pfam_domain:PF00067,Superfamily_domains:SSF48264",.,.,.,.,.,.,.,.,.,.,.,.,.,.,.,.,HIGH,.,deletion,.,.,.,.,.,.,.,.,.,.,.,.,.,PASS,NONE,INDELOCATOR*|VARSCANI*|PINDEL,GGTCTCGGGGGG,.,3,p.R269Efs*3,LOF,YES,HIGH_CONFIDENCE_LOF,structural_variant,NA,Poor Metabolizer,Altered Drug Metabolism
DPYD,0,.,GRCh37,1,97771791,97771791,+,Frame_Shift_Del,DEL,A,A,-,novel,.,TCGA-BK-A0C9-01A-11W-A027-09,TCGA-BK-A0C9-10A-01W-A027-09,A,A,.,.,.,.,.,.,.,.,.,.,.,.,.,.,.,c.2121delT,p.Phe707LeufsTer4,p.F707Lfs*4,ENST00000370192,17/23,346,307,39,300,300,0,"DPYD,frameshift_variant,p.Phe707LeufsTer4,ENST00000370192,;DPYD-AS1,non_coding_transcript_exon_variant,,ENST00000422980,;",-,ENSG00000188641,ENST00000370192,Transcript,frameshift_variant,2222,2121,707,F/X,ttT/tt,.,.,.,-1,DPYD,HGNC,3012,protein_coding,YES,CCDS30777.1,ENSP00000359211,DPYD_HUMAN,.,UPI0000458949,.,.,.,17/23,.,"hmmpanther:PTHR11938,hmmpanther:PTHR11938:SF5,Pfam_domain:PF01180,Gene3D:3.20.20.70,TIGRFAM_domain:TIGR01037,Superfamily_domains:SSF51395",.,.,.,.,.,.,.,.,.,.,.,.,.,.,.,.,HIGH,.,deletion,.,.,.,.,.,.,.,.,.,.,.,.,.,wga,NONE,VARSCANI*|PINDEL,CTTGGCAAAAAA,.,2,p.F707Lfs*4,LOF,YES,HIGH_CONFIDENCE_LOF,structural_variant,NA,DPD Deficiency,Fluoropyrimidine Toxicity
DPYD,0,.,GRCh37,1,97771791,97771791,+,Frame_Shift_Del,DEL,A,A,-,novel,.,TCGA-BR-4201-01A-01D-1126-08,TCGA-BR-4201-11A-01D-1126-08,A,A,.,.,.,.,.,.,.,.,.,.,.,.,.,.,.,c.2121delT,p.Phe707LeufsTer4,p.F707Lfs*4,ENST00000370192,17/23,273,234,39,243,243,0,"DPYD,frameshift_variant,p.Phe707LeufsTer4,ENST00000370192,;DPYD-AS1,non_coding_transcript_exon_variant,,ENST00000422980,;",-,ENSG00000188641,ENST00000370192,Transcript,frameshift_variant,2222,2121,707,F/X,ttT/tt,.,.,.,-1,DPYD,HGNC,3012,protein_coding,YES,CCDS30777.1,ENSP00000359211,DPYD_HUMAN,.,UPI0000458949,.,.,.,17/23,.,"hmmpanther:PTHR11938,hmmpanther:PTHR11938:SF5,Pfam_domain:PF01180,Gene3D:3.20.20.70,TIGRFAM_domain:TIGR01037,Superfamily_domains:SSF51395",.,.,.,.,.,.,.,.,.,.,.,.,.,.,.,.,HIGH,.,deletion,.,.,.,.,.,.,.,.,.,.,.,.,.,PASS,NONE,INDELOCATOR*|VARSCANI*|PINDEL,CTTGGCAAAAAA,.,3,p.F707Lfs*4,LOF,YES,HIGH_CONFIDENCE_LOF,structural_variant,NA,DPD Deficiency,Fluoropyrimidine Toxicity
DPYD,0,.,GRCh37,1,97771791,97771791,+,Frame_Shift_Del,DEL,A,A,-,novel,.,TCGA-BR-7851-01A-11D-2201-08,TCGA-BR-7851-11A-01D-2201-08,A,A,.,.,.,.,.,.,.,.,.,.,.,.,.,.,.,c.2121delT,p.Phe707LeufsTer4,p.F707Lfs*4,ENST00000370192,17/23,216,164,52,143,143,0,"DPYD,frameshift_variant,p.Phe707LeufsTer4,ENST00000370192,;DPYD-AS1,non_coding_transcript_exon_variant,,ENST00000422980,;",-,ENSG00000188641,ENST00000370192,Transcript,frameshift_variant,2222,2121,707,F/X,ttT/tt,.,.,.,-1,DPYD,HGNC,3012,protein_coding,YES,CCDS30777.1,ENSP00000359211,DPYD_HUMAN,.,UPI0000458949,.,.,.,17/23,.,"hmmpanther:PTHR11938,hmmpanther:PTHR11938:SF5,Pfam_domain:PF01180,Gene3D:3.20.20.70,TIGRFAM_domain:TIGR01037,Superfamily_domains:SSF51395",.,.,.,.,.,.,.,.,.,.,.,.,.,.,.,.,HIGH,.,deletion,.,.,.,.,.,.,.,.,.,.,.,.,.,nonpreferredpair,NONE,INDELOCATOR*|VARSCANI*|PINDEL,CTTGGCAAAAAA,.,3,p.F707Lfs*4,LOF,YES,HIGH_CONFIDENCE_LOF,structural_variant,NA,DPD Deficiency,Fluoropyrimidine Toxicity
DPYD,0,.,GRCh37,1,97771791,97771791,+,Frame_Shift_Del,DEL,A,A,-,novel,.,TCGA-BR-8372-01A-11D-2340-08,TCGA-BR-8372-10A-01D-2341-08,A,A,.,.,.,.,.,.,.,.,.,.,.,.,.,.,.,c.2121delT,p.Phe707LeufsTer4,p.F707Lfs*4,ENST00000370192,17/23,188,123,65,337,336,0,"DPYD,frameshift_variant,p.Phe707LeufsTer4,ENST00000370192,;DPYD-AS1,non_coding_transcript_exon_variant,,ENST00000422980,;",-,ENSG00000188641,ENST00000370192,Transcript,frameshift_variant,2222,2121,707,F/X,ttT/tt,.,.,.,-1,DPYD,HGNC,3012,protein_coding,YES,CCDS30777.1,ENSP00000359211,DPYD_HUMAN,.,UPI0000458949,.,.,.,17/23,.,"hmmpanther:PTHR11938,hmmpanther:PTHR11938:SF5,Pfam_domain:PF01180,Gene3D:3.20.20.70,TIGRFAM_domain:TIGR01037,Superfamily_domains:SSF51395",.,.,.,.,.,.,.,.,.,.,.,.,.,.,.,.,HIGH,.,deletion,.,.,.,.,.,.,.,.,.,.,.,.,.,PASS,NONE,INDELOCATOR|VARSCANI,CTTGGCAAAAAA,.,2,p.F707Lfs*4,LOF,YES,HIGH_CONFIDENCE_LOF,structural_variant,NA,DPD Deficiency,Fluoropyrimidine Toxicity
DPYD,0,.,GRCh37,1,97770839,97770839,+,Nonsense_Mutation,SNP,G,G,A,rs759372918,.,TCGA-BR-8680-01A-11D-2394-08,TCGA-BR-8680-10A-01D-2394-08,G,G,.,.,.,.,.,.,.,.,.,.,.,.,.,.,.,c.2275C>T,p.Arg759Ter,p.R759*,ENST00000370192,18/23,122,86,35,143,143,0,"DPYD,stop_gained,p.Arg759Ter,ENST00000370192,;DPYD-AS1,intron_variant,,ENST00000422980,;",A,ENSG00000188641,ENST00000370192,Transcript,stop_gained,2376,2275,759,R/*,Cga/Tga,"rs759372918,COSM4010775",.,.,-1,DPYD,HGNC,3012,protein_coding,YES,CCDS30777.1,ENSP00000359211,DPYD_HUMAN,.,UPI0000458949,.,.,.,18/23,.,"hmmpanther:PTHR11938,hmmpanther:PTHR11938:SF5,Pfam_domain:PF01180,Gene3D:3.20.20.70,TIGRFAM_domain:TIGR01037,Superfamily_domains:SSF51395",.,.,.,.,.,.,.,.,.,.,"0,1",.,.,.,.,.,HIGH,.,SNV,.,.,"0,1",.,.,.,.,.,.,.,.,.,.,PASS,NONE,SOMATICSNIPER|RADIA|MUTECT|MUSE|VARSCANS,AGTTCGCTTTG,byFrequency,5,p.R759*,LOF,YES,HIGH_CONFIDENCE_LOF,structural_variant,NA,DPD Deficiency,Fluoropyrimidine Toxicity
DPYD,0,.,GRCh37,1,98144657,98144657,+,Nonsense_Mutation,SNP,C,C,A,.,.,TCGA-BS-A0UJ-01A-12D-A10B-09,TCGA-BS-A0UJ-10A-01D-A127-09,C,C,.,.,.,.,.,.,.,.,.,.,.,.,.,.,.,c.844G>T,p.Gly282Ter,p.G282*,ENST00000370192,8/23,46,28,17,64,64,0,"DPYD,stop_gained,p.Gly282Ter,ENST00000370192,;",A,ENSG00000188641,ENST00000370192,Transcript,stop_gained,945,844,282,G/*,Gga/Tga,COSM913626,.,.,-1,DPYD,HGNC,3012,protein_coding,YES,CCDS30777.1,ENSP00000359211,DPYD_HUMAN,.,UPI0000458949,.,.,.,8/23,.,"hmmpanther:PTHR11938,hmmpanther:PTHR11938:SF5,Gene3D:3.50.50.60,Superfamily_domains:SSF51971",.,.,.,.,.,.,.,.,.,.,1,.,.,.,.,.,HIGH,.,SNV,.,.,1,.,.,.,.,.,.,.,.,.,.,PASS,NONE,SOMATICSNIPER|RADIA|MUTECT|MUSE|VARSCANS,TATTCCAATGA,.,5,p.G282*,LOF,YES,HIGH_CONFIDENCE_LOF,structural_variant,NA,DPD Deficiency,Fluoropyrimidine Toxicity
CYP2C19,0,.,GRCh37,10,96580252,96580252,+,Splice_Site,SNP,G,G,T,rs59705169,.,TCGA-BS-A0UV-01A-11D-A10B-09,TCGA-BS-A0UV-10A-01D-A10B-09,G,G,.,.,.,.,.,.,.,.,.,.,.,.,.,.,.,c.820-1G>T,.,p.X274_splice,ENST00000371321,.,203,143,60,345,345,0,"CYP2C19,splice_acceptor_variant,,ENST00000371321,;CYP2C19,splice_acceptor_variant,,ENST00000464755,;",T,ENSG00000165841,ENST00000371321,Transcript,splice_acceptor_variant,.,.,.,.,.,"rs59705169,COSM921738",.,.,1,CYP2C19,HGNC,2621,protein_coding,YES,CCDS7436.1,ENSP00000360372,CP2CJ_HUMAN,.,UPI000013DE1E,.,.,.,.,5/8,.,.,.,.,.,.,.,.,C:0.0002,C:0,.,"0,1",.,.,.,.,.,HIGH,.,SNV,.,.,"0,1",.,.,.,.,.,.,.,.,.,1,PASS,NONE,SOMATICSNIPER|RADIA|MUTECT|MUSE|VARSCANS,TCCTAGGAAAA,byFrequency|byCluster,5,p.X274_splice,LOF,YES,HIGH_CONFIDENCE_LOF,structural_variant,NA,Poor Metabolizer,Altered Drug Metabolism
DPYD,0,.,GRCh37,1,98039523,98039523,+,Nonsense_Mutation,SNP,C,C,A,rs201648613,.,TCGA-CA-6717-01A-11D-1835-10,TCGA-CA-6717-10A-01D-1835-10,C,C,.,.,.,.,.,.,.,.,.,.,.,.,.,.,.,c.1132G>T,p.Glu378Ter,p.E378*,ENST00000370192,11/23,98,78,20,75,75,0,"DPYD,stop_gained,p.Glu378Ter,ENST00000370192,;",A,ENSG00000188641,ENST00000370192,Transcript,stop_gained,1233,1132,378,E/*,Gaa/Taa,"rs201648613,COSM1345107",.,.,-1,DPYD,HGNC,3012,protein_coding,YES,CCDS30777.1,ENSP00000359211,DPYD_HUMAN,.,UPI0000458949,.,.,.,11/23,.,"Low_complexity_(Seg):seg,hmmpanther:PTHR11938,hmmpanther:PTHR11938:SF5,Gene3D:3.50.50.60,Superfamily_domains:SSF51971",.,.,.,.,.,.,.,G:0,G:0.0001,.,"0,1",.,.,.,.,.,HIGH,.,SNV,.,.,"0,1",.,.,.,.,.,.,.,.,.,.,PASS,NONE,RADIA|MUTECT|MUSE|VARSCANS,AAGTTCCATCT,byCluster,4,p.E378*,LOF,YES,HIGH_CONFIDENCE_LOF,structural_variant,NA,DPD Deficiency,Fluoropyrimidine Toxicity
CYP2D6,0,.,GRCh37,22,42524821,42524821,+,Nonsense_Mutation,SNP,C,C,A,rs758618555,.,TCGA-CD-8536-01A-11D-2340-08,TCGA-CD-8536-10A-01D-2341-08,C,C,.,.,.,.,.,.,.,.,.,.,.,.,.,.,.,c.631G>T,p.Glu211Ter,p.E211*,ENST00000360608,4/9,62,57,5,37,37,0,"CYP2D6,stop_gained,p.Glu211Ter,ENST00000360608,;CYP2D6,stop_gained,p.Glu160Ter,ENST00000359033,;CYP2D6,stop_gained,p.Glu211Ter,ENST00000389970,;NDUFA6-AS1,intron_variant,,ENST00000416037,;NDUFA6-AS1,intron_variant,,ENST00000439129,;NDUFA6-AS1,downstream_gene_variant,,ENST00000451451,;NDUFA6-AS1,upstream_gene_variant,,ENST00000608491,;NDUFA6-AS1,downstream_gene_variant,,ENST00000600968,;NDUFA6-AS1,upstream_gene_variant,,ENST00000608288,;NDUFA6-AS1,downstream_gene_variant,,ENST00000595777,;NDUFA6-AS1,downstream_gene_variant,,ENST00000434834,;NDUFA6-AS1,downstream_gene_variant,,ENST00000610250,;NDUFA6-AS1,downstream_gene_variant,,ENST00000417327,;NDUFA6-AS1,downstream_gene_variant,,ENST00000536447,;CYP2D6,stop_gained,p.Glu100Ter,ENST00000360124,;CYP2D6,non_coding_transcript_exon_variant,,ENST00000488442,;NDUFA6-AS1,downstream_gene_variant,,ENST00000609499,;NDUFA6-AS1,downstream_gene_variant,,ENST00000608643,;NDUFA6-AS1,downstream_gene_variant,,ENST00000609833,;NDUFA6-AS1,downstream_gene_variant,,ENST00000547929,;RP4-669P10.19,upstream_gene_variant,,ENST00000417586,;",A,ENSG00000100197,ENST00000360608,Transcript,stop_gained,746,631,211,E/*,Gag/Tag,"rs758618555,COSM4104555,COSM4104554",.,.,-1,CYP2D6,HGNC,2625,protein_coding,YES,CCDS46721.1,ENSP00000353820,.,"Q6NWU0_HUMAN,Q007T9_HUMAN",UPI0000157756,.,.,.,4/9,.,"hmmpanther:PTHR24300,hmmpanther:PTHR24300:SF13,Gene3D:1.10.630.10,Pfam_domain:PF00067,Superfamily_domains:SSF48264",.,.,.,.,.,.,.,.,.,.,"0,1,1",.,.,.,.,.,HIGH,.,SNV,.,.,"0,1,1",.,.,.,.,.,.,.,.,.,.,PASS,NONE,MUSE|VARSCANS,TCCCTCCTGAG,.,2,p.E211*,LOF,YES,HIGH_CONFIDENCE_LOF,structural_variant,NA,Poor Metabolizer,Altered Drug Metabolism
DPYD,0,.,GRCh37,1,97771791,97771791,+,Frame_Shift_Del,DEL,A,A,-,novel,.,TCGA-CD-A4MI-01A-21D-A25D-08,TCGA-CD-A4MI-10A-01D-A25E-08,A,A,.,.,.,.,.,.,.,.,.,.,.,.,.,.,.,c.2121delT,p.Phe707LeufsTer4,p.F707Lfs*4,ENST00000370192,17/23,234,201,33,200,200,0,"DPYD,frameshift_variant,p.Phe707LeufsTer4,ENST00000370192,;DPYD-AS1,non_coding_transcript_exon_variant,,ENST00000422980,;",-,ENSG00000188641,ENST00000370192,Transcript,frameshift_variant,2222,2121,707,F/X,ttT/tt,.,.,.,-1,DPYD,HGNC,3012,protein_coding,YES,CCDS30777.1,ENSP00000359211,DPYD_HUMAN,.,UPI0000458949,.,.,.,17/23,.,"hmmpanther:PTHR11938,hmmpanther:PTHR11938:SF5,Pfam_domain:PF01180,Gene3D:3.20.20.70,TIGRFAM_domain:TIGR01037,Superfamily_domains:SSF51395",.,.,.,.,.,.,.,.,.,.,.,.,.,.,.,.,HIGH,.,deletion,.,.,.,.,.,.,.,.,.,.,.,.,.,PASS,NONE,INDELOCATOR|VARSCANI,CTTGGCAAAAAA,.,2,p.F707Lfs*4,LOF,YES,HIGH_CONFIDENCE_LOF,structural_variant,NA,DPD Deficiency,Fluoropyrimidine Toxicity
DPYD,0,.,GRCh37,1,97839179,97839179,+,Nonsense_Mutation,SNP,C,C,A,.,.,TCGA-CF-A47X-01A-31D-A23U-08,TCGA-CF-A47X-10A-01D-A23U-08,C,C,.,.,.,.,.,.,.,.,.,.,.,.,.,.,.,c.1996G>T,p.Glu666Ter,p.E666*,ENST00000370192,16/23,38,27,11,32,32,0,"DPYD,stop_gained,p.Glu666Ter,ENST00000370192,;",A,ENSG00000188641,ENST00000370192,Transcript,stop_gained,2097,1996,666,E/*,Gag/Tag,COSM536962,.,.,-1,DPYD,HGNC,3012,protein_coding,YES,CCDS30777.1,ENSP00000359211,DPYD_HUMAN,.,UPI0000458949,.,.,.,16/23,.,"hmmpanther:PTHR11938,hmmpanther:PTHR11938:SF5,Pfam_domain:PF01180,Gene3D:3.20.20.70,TIGRFAM_domain:TIGR01037,Superfamily_domains:SSF51395",.,.,.,.,.,.,.,.,.,.,1,.,.,.,.,.,HIGH,.,SNV,.,.,1,.,.,.,.,.,.,.,.,.,.,PASS,NONE,SOMATICSNIPER|RADIA|MUTECT|MUSE|VARSCANS,TAACTCCAGGG,.,5,p.E666*,LOF,YES,HIGH_CONFIDENCE_LOF,structural_variant,NA,DPD Deficiency,Fluoropyrimidine Toxicity
DPYD,0,.,GRCh37,1,97771791,97771791,+,Frame_Shift_Del,DEL,A,A,-,novel,.,TCGA-CG-4442-01A-01D-1158-08,TCGA-CG-4442-10A-01D-1158-08,A,A,.,.,.,.,.,.,.,.,.,.,.,.,.,.,.,c.2121delT,p.Phe707LeufsTer4,p.F707Lfs*4,ENST00000370192,17/23,596,343,253,250,250,0,"DPYD,frameshift_variant,p.Phe707LeufsTer4,ENST00000370192,;DPYD-AS1,non_coding_transcript_exon_variant,,ENST00000422980,;",-,ENSG00000188641,ENST00000370192,Transcript,frameshift_variant,2222,2121,707,F/X,ttT/tt,.,.,.,-1,DPYD,HGNC,3012,protein_coding,YES,CCDS30777.1,ENSP00000359211,DPYD_HUMAN,.,UPI0000458949,.,.,.,17/23,.,"hmmpanther:PTHR11938,hmmpanther:PTHR11938:SF5,Pfam_domain:PF01180,Gene3D:3.20.20.70,TIGRFAM_domain:TIGR01037,Superfamily_domains:SSF51395",.,.,.,.,.,.,.,.,.,.,.,.,.,.,.,.,HIGH,.,deletion,.,.,.,.,.,.,.,.,.,.,.,.,.,PASS,NONE,INDELOCATOR*|VARSCANI*|PINDEL,CTTGGCAAAAAA,.,3,p.F707Lfs*4,LOF,YES,HIGH_CONFIDENCE_LOF,structural_variant,NA,DPD Deficiency,Fluoropyrimidine Toxicity
DPYD,0,.,GRCh37,1,98165042,98165043,+,Frame_Shift_Ins,INS,-,-,T,rs754785410,.,TCGA-CG-5728-01A-11D-1600-08,TCGA-CG-5728-11A-01D-1600-08,-,-,.,.,.,.,.,.,.,.,.,.,.,.,.,.,.,c.544dupA,p.Met182AsnfsTer3,p.M182Nfs*3,ENST00000370192,6/23,353,288,65,348,348,0,"DPYD,frameshift_variant,p.Met182AsnfsTer3,ENST00000370192,;DPYD,3_prime_UTR_variant,,ENST00000423006,;DPYD,non_coding_transcript_exon_variant,,ENST00000474241,;",T,ENSG00000188641,ENST00000370192,Transcript,frameshift_variant,645-646,544-545,182,M/NX,atg/aAtg,rs754785410,.,.,-1,DPYD,HGNC,3012,protein_coding,YES,CCDS30777.1,ENSP00000359211,DPYD_HUMAN,.,UPI0000458949,.,.,.,6/23,.,"hmmpanther:PTHR11938,hmmpanther:PTHR11938:SF5,Superfamily_domains:SSF46548",.,.,.,.,.,.,.,.,.,.,.,.,.,.,.,.,HIGH,.,insertion,.,.,.,.,.,.,.,.,.,.,.,.,.,PASS,NONE,VARSCANI*|PINDEL,CAGACATTTTT,.,2,p.M182Nfs*3,LOF,YES,HIGH_CONFIDENCE_LOF,structural_variant,NA,DPD Deficiency,Fluoropyrimidine Toxicity
CYP2C19,0,.,GRCh37,10,96522632,96522632,+,Splice_Site,SNP,T,T,C,novel,.,TCGA-CK-4951-01A-01D-1408-10,TCGA-CK-4951-10A-01D-2188-10,T,T,.,.,.,.,.,.,.,.,.,.,.,.,.,.,.,c.168+2T>C,.,p.X56_splice,ENST00000371321,.,71,52,19,106,105,0,"CYP2C19,splice_donor_variant,,ENST00000371321,;CYP2C19,splice_donor_variant,,ENST00000480405,;CYP2C19,intron_variant,,ENST00000464755,;",C,ENSG00000165841,ENST00000371321,Transcript,splice_donor_variant,.,.,.,.,.,.,.,.,1,CYP2C19,HGNC,2621,protein_coding,YES,CCDS7436.1,ENSP00000360372,CP2CJ_HUMAN,.,UPI000013DE1E,.,.,.,.,1/8,.,.,.,.,.,.,.,.,.,.,.,.,.,.,.,.,.,HIGH,.,SNV,.,.,.,.,.,.,.,.,.,.,.,.,1,PASS,NONE,SOMATICSNIPER|RADIA|MUTECT|MUSE|VARSCANS,CAATGTAAGTA,.,5,p.X56_splice,LOF,YES,HIGH_CONFIDENCE_LOF,structural_variant,NA,Poor Metabolizer,Altered Drug Metabolism
CYP2C19,0,.,GRCh37,10,96580325,96580325,+,Frame_Shift_Del,DEL,G,G,-,novel,.,TCGA-D3-A5GR-06A-11D-A27K-08,TCGA-D3-A5GR-10A-01D-A27N-08,G,G,.,.,.,.,.,.,.,.,.,.,.,.,.,.,.,c.894delG,p.Thr299GlnfsTer8,p.T299Qfs*8,ENST00000371321,6/9,112,89,23,117,117,0,"CYP2C19,frameshift_variant,p.Thr299GlnfsTer8,ENST00000371321,;CYP2C19,non_coding_transcript_exon_variant,,ENST00000464755,;",-,ENSG00000165841,ENST00000371321,Transcript,frameshift_variant,974,892,298,G/X,Ggg/gg,.,.,.,1,CYP2C19,HGNC,2621,protein_coding,YES,CCDS7436.1,ENSP00000360372,CP2CJ_HUMAN,.,UPI000013DE1E,.,.,.,6/9,.,"hmmpanther:PTHR24300,hmmpanther:PTHR24300:SF131,Gene3D:1.10.630.10,Pfam_domain:PF00067,Superfamily_domains:SSF48264,Prints_domain:PR00463,Prints_domain:PR00385",.,.,.,.,.,.,.,.,.,.,.,.,.,.,.,.,HIGH,.,deletion,.,2,.,.,.,.,.,.,.,.,.,.,1,PASS,NONE,INDELOCATOR*|VARSCANI*|PINDEL,GGAGCTGGGACA,.,3,p.T299Qfs*8,LOF,YES,HIGH_CONFIDENCE_LOF,structural_variant,NA,Poor Metabolizer,Altered Drug Metabolism
CYP2C19,0,.,GRCh37,10,96602593,96602593,+,Splice_Site,SNP,G,G,A,novel,.,TCGA-D3-A8GI-06A-11D-A372-08,TCGA-D3-A8GI-10A-01D-A375-08,G,G,.,.,.,.,.,.,.,.,.,.,.,.,.,.,.,c.962-1G>A,.,p.X321_splice,ENST00000371321,.,64,22,42,106,106,0,"CYP2C19,splice_acceptor_variant,,ENST00000371321,;CYP2C19,splice_acceptor_variant,,ENST00000464755,;",A,ENSG00000165841,ENST00000371321,Transcript,splice_acceptor_variant,.,.,.,.,.,.,.,.,1,CYP2C19,HGNC,2621,protein_coding,YES,CCDS7436.1,ENSP00000360372,CP2CJ_HUMAN,.,UPI000013DE1E,.,.,.,.,6/8,.,.,.,.,.,.,.,.,.,.,.,.,.,.,.,.,.,HIGH,.,SNV,.,.,.,.,.,.,.,.,.,.,.,.,1,PASS,NONE,SOMATICSNIPER|RADIA|MUTECT|MUSE|VARSCANS,TGTCAGCTAAA,.,5,p.X321_splice,LOF,YES,HIGH_CONFIDENCE_LOF,structural_variant,NA,Poor Metabolizer,Altered Drug Metabolism
DPYD,0,.,GRCh37,1,97771791,97771791,+,Frame_Shift_Del,DEL,A,A,-,novel,.,TCGA-D7-A6EY-01A-21D-A31L-08,TCGA-D7-A6EY-10A-01D-A31J-08,A,A,.,.,.,.,.,.,.,.,.,.,.,.,.,.,.,c.2121delT,p.Phe707LeufsTer4,p.F707Lfs*4,ENST00000370192,17/23,250,216,34,263,263,0,"DPYD,frameshift_variant,p.Phe707LeufsTer4,ENST00000370192,;DPYD-AS1,non_coding_transcript_exon_variant,,ENST00000422980,;",-,ENSG00000188641,ENST00000370192,Transcript,frameshift_variant,2222,2121,707,F/X,ttT/tt,.,.,.,-1,DPYD,HGNC,3012,protein_coding,YES,CCDS30777.1,ENSP00000359211,DPYD_HUMAN,.,UPI0000458949,.,.,.,17/23,.,"hmmpanther:PTHR11938,hmmpanther:PTHR11938:SF5,Pfam_domain:PF01180,Gene3D:3.20.20.70,TIGRFAM_domain:TIGR01037,Superfamily_domains:SSF51395",.,.,.,.,.,.,.,.,.,.,.,.,.,.,.,.,HIGH,.,deletion,.,.,.,.,.,.,.,.,.,.,.,.,.,PASS,NONE,VARSCANI*|PINDEL,CTTGGCAAAAAA,.,2,p.F707Lfs*4,LOF,YES,HIGH_CONFIDENCE_LOF,structural_variant,NA,DPD Deficiency,Fluoropyrimidine Toxicity
CYP2D6,0,.,GRCh37,22,42524214,42524214,+,Frame_Shift_Del,DEL,G,G,-,rs756137464,.,TCGA-D8-A1J8-01A-11D-A13L-09,TCGA-D8-A1J8-10A-01D-A13O-09,G,G,.,.,.,.,.,.,.,.,.,.,.,.,.,.,.,c.805delC,p.Arg269GlufsTer3,p.R269Efs*3,ENST00000360608,5/9,26,15,11,51,51,0,"CYP2D6,frameshift_variant,p.Arg269GlufsTer3,ENST00000360608,;CYP2D6,frameshift_variant,p.Arg218GlufsTer3,ENST00000359033,;CYP2D6,frameshift_variant,p.Arg269GlufsTer3,ENST00000389970,;NDUFA6-AS1,intron_variant,,ENST00000416037,;NDUFA6-AS1,intron_variant,,ENST00000439129,;NDUFA6-AS1,downstream_gene_variant,,ENST00000451451,;NDUFA6-AS1,upstream_gene_variant,,ENST00000608491,;NDUFA6-AS1,downstream_gene_variant,,ENST00000600968,;NDUFA6-AS1,upstream_gene_variant,,ENST00000608288,;NDUFA6-AS1,downstream_gene_variant,,ENST00000595777,;NDUFA6-AS1,downstream_gene_variant,,ENST00000434834,;NDUFA6-AS1,downstream_gene_variant,,ENST00000610250,;NDUFA6-AS1,downstream_gene_variant,,ENST00000417327,;NDUFA6-AS1,downstream_gene_variant,,ENST00000536447,;CYP2D6,frameshift_variant,p.Arg158GlufsTer3,ENST00000360124,;CYP2D6,non_coding_transcript_exon_variant,,ENST00000488442,;NDUFA6-AS1,downstream_gene_variant,,ENST00000609499,;NDUFA6-AS1,downstream_gene_variant,,ENST00000608643,;NDUFA6-AS1,downstream_gene_variant,,ENST00000609833,;NDUFA6-AS1,downstream_gene_variant,,ENST00000547929,;RP4-669P10.19,upstream_gene_variant,,ENST00000417586,;",-,ENSG00000100197,ENST00000360608,Transcript,frameshift_variant,920,805,269,R/X,Cga/ga,rs756137464,.,.,-1,CYP2D6,HGNC,2625,protein_coding,YES,CCDS46721.1,ENSP00000353820,.,"Q6NWU0_HUMAN,Q007T9_HUMAN",UPI0000157756,.,.,.,5/9,.,"hmmpanther:PTHR24300,hmmpanther:PTHR24300:SF13,Gene3D:1.10.630.10,Pfam_domain:PF00067,Superfamily_domains:SSF48264",.,.,.,.,.,.,.,.,.,.,.,.,.,.,.,.,HIGH,.,deletion,.,.,.,.,.,.,.,.,.,.,.,.,.,PASS,NONE,INDELOCATOR*|VARSCANI*|PINDEL,GGTCTCGGGGGG,.,3,p.R269Efs*3,LOF,YES,HIGH_CONFIDENCE_LOF,structural_variant,NA,Poor Metabolizer,Altered Drug Metabolism
CYP2C19,0,.,GRCh37,10,96534871,96534871,+,Frame_Shift_Del,DEL,G,G,-,novel,.,TCGA-D8-A27V-01A-12D-A17D-09,TCGA-D8-A27V-10A-01D-A17D-09,G,G,.,.,.,.,.,.,.,.,.,.,.,.,.,.,.,c.226delG,p.Val76CysfsTer8,p.V76Cfs*8,ENST00000371321,2/9,252,230,22,157,157,0,"CYP2C19,frameshift_variant,p.Val76CysfsTer8,ENST00000371321,;CYP2C19,non_coding_transcript_exon_variant,,ENST00000480405,;CYP2C19,non_coding_transcript_exon_variant,,ENST00000464755,;MTND4P19,upstream_gene_variant,,ENST00000446659,;",-,ENSG00000165841,ENST00000371321,Transcript,frameshift_variant,307,225,75,V/X,gtG/gt,.,.,.,1,CYP2C19,HGNC,2621,protein_coding,YES,CCDS7436.1,ENSP00000360372,CP2CJ_HUMAN,.,UPI000013DE1E,.,.,.,2/9,.,"hmmpanther:PTHR24300,hmmpanther:PTHR24300:SF131,Gene3D:1.10.630.10,Pfam_domain:PF00067,Superfamily_domains:SSF48264,Prints_domain:PR00463",.,.,.,.,.,.,.,.,.,.,.,.,.,.,.,.,HIGH,.,deletion,.,1,.,.,.,.,.,.,.,.,.,.,1,PASS,BUFFER|p.G79E|c.236G>A|3,INDELOCATOR*|PINDEL,CATGGTGGTGCT,.,2,p.V76Cfs*8,LOF,YES,HIGH_CONFIDENCE_LOF,structural_variant,NA,Poor Metabolizer,Altered Drug Metabolism
CYP2C19,0,.,GRCh37,10,96540284,96540284,+,Frame_Shift_Del,DEL,G,G,-,novel,.,TCGA-D8-A27V-01A-12D-A17D-09,TCGA-D8-A27V-10A-01D-A17D-09,G,G,.,.,.,.,.,.,.,.,.,.,.,.,.,.,.,c.512delG,p.Gly171AlafsTer7,p.G171Afs*7,ENST00000371321,4/9,184,169,15,147,147,0,"CYP2C19,frameshift_variant,p.Gly171AlafsTer7,ENST00000371321,;CYP2C19,non_coding_transcript_exon_variant,,ENST00000464755,;CYP2C19,downstream_gene_variant,,ENST00000480405,;",-,ENSG00000165841,ENST00000371321,Transcript,frameshift_variant,592,510,170,L/X,ctG/ct,.,.,.,1,CYP2C19,HGNC,2621,protein_coding,YES,CCDS7436.1,ENSP00000360372,CP2CJ_HUMAN,.,UPI000013DE1E,.,.,.,4/9,.,"hmmpanther:PTHR24300,hmmpanther:PTHR24300:SF131,Gene3D:1.10.630.10,Pfam_domain:PF00067,Superfamily_domains:SSF48264",.,.,.,.,.,.,.,.,.,.,.,.,.,.,.,.,HIGH,.,deletion,.,2,.,.,.,.,.,.,.,.,.,.,1,PASS,NONE,INDELOCATOR*|PINDEL,CATCCTGGGCTG,.,2,p.G171Afs*7,LOF,YES,HIGH_CONFIDENCE_LOF,structural_variant,NA,Poor Metabolizer,Altered Drug Metabolism
CYP2C19,0,.,GRCh37,10,96534819,96534820,+,Frame_Shift_Ins,INS,-,-,A,novel,.,TCGA-DI-A1BU-01A-11D-A135-09,TCGA-DI-A1BU-10A-01D-A135-09,-,-,.,.,.,.,.,.,.,.,.,.,.,.,.,.,.,c.178dupA,p.Ile60AsnfsTer22,p.I60Nfs*22,ENST00000371321,2/9,252,175,77,71,71,0,"CYP2C19,frameshift_variant,p.Ile60AsnfsTer22,ENST00000371321,;CYP2C19,non_coding_transcript_exon_variant,,ENST00000480405,;CYP2C19,non_coding_transcript_exon_variant,,ENST00000464755,;MTND4P19,upstream_gene_variant,,ENST00000446659,;",A,ENSG00000165841,ENST00000371321,Transcript,frameshift_variant,255-256,173-174,58,S/SX,tca/tcAa,.,.,.,1,CYP2C19,HGNC,2621,protein_coding,YES,CCDS7436.1,ENSP00000360372,CP2CJ_HUMAN,.,UPI000013DE1E,.,.,.,2/9,.,"hmmpanther:PTHR24300,hmmpanther:PTHR24300:SF131,Gene3D:1.10.630.10,Pfam_domain:PF00067,Superfamily_domains:SSF48264,Prints_domain:PR00463",.,.,.,.,.,.,.,.,.,.,.,.,.,.,.,.,HIGH,.,insertion,.,5,.,.,.,.,.,.,.,.,.,.,1,PASS,NONE,INDELOCATOR*|VARSCANI*|PINDEL,GCTCTCAAAAA,.,3,p.I60Nfs*22,LOF,YES,HIGH_CONFIDENCE_LOF,structural_variant,NA,Poor Metabolizer,Altered Drug Metabolism
CYP2C19,0,.,GRCh37,10,96580396,96580396,+,Splice_Site,SNP,T,T,C,novel,.,TCGA-DI-A1BU-01A-11D-A135-09,TCGA-DI-A1BU-10A-01D-A135-09,T,T,.,.,.,.,.,.,.,.,.,.,.,.,.,.,.,c.961+2T>C,.,p.X321_splice,ENST00000371321,.,100,65,35,71,71,0,"CYP2C19,splice_donor_variant,,ENST00000371321,;CYP2C19,splice_donor_variant,,ENST00000464755,;",C,ENSG00000165841,ENST00000371321,Transcript,splice_donor_variant,.,.,.,.,.,.,.,.,1,CYP2C19,HGNC,2621,protein_coding,YES,CCDS7436.1,ENSP00000360372,CP2CJ_HUMAN,.,UPI000013DE1E,.,.,.,.,6/8,.,.,.,.,.,.,.,.,.,.,.,.,.,.,.,.,.,HIGH,.,SNV,.,.,.,.,.,.,.,.,.,.,.,.,1,PASS,NONE,SOMATICSNIPER|RADIA|MUTECT|MUSE|VARSCANS,ACAGGTATGAT,.,5,p.X321_splice,LOF,YES,HIGH_CONFIDENCE_LOF,structural_variant,NA,Poor Metabolizer,Altered Drug Metabolism
DPYD,0,.,GRCh37,1,97548028,97548028,+,Splice_Site,SNP,T,T,A,novel,.,TCGA-DX-AB2E-01A-11D-A38Z-09,TCGA-DX-AB2E-10A-01D-A38Z-09,T,T,.,.,.,.,.,.,.,.,.,.,.,.,.,.,.,c.2767-2A>T,.,p.X923_splice,ENST00000370192,.,69,56,12,55,55,0,"DPYD,splice_acceptor_variant,,ENST00000370192,;",A,ENSG00000188641,ENST00000370192,Transcript,splice_acceptor_variant,.,.,.,.,.,.,.,.,-1,DPYD,HGNC,3012,protein_coding,YES,CCDS30777.1,ENSP00000359211,DPYD_HUMAN,.,UPI0000458949,.,.,.,.,21/22,.,.,.,.,.,.,.,.,.,.,.,.,.,.,.,.,.,HIGH,.,SNV,.,.,.,.,.,.,.,.,.,.,.,.,.,PASS,NONE,MUTECT|RADIA|SOMATICSNIPER|MUSE|VARSCANS,CATCCTAAAAA,.,5,p.X923_splice,LOF,YES,HIGH_CONFIDENCE_LOF,structural_variant,NA,DPD Deficiency,Fluoropyrimidine Toxicity
DPYD,0,.,GRCh37,1,98293695,98293695,+,Nonsense_Mutation,SNP,G,G,A,rs141597515,.,TCGA-DX-AB32-01A-11D-A417-09,TCGA-DX-AB32-10A-01D-A41A-09,G,G,.,.,.,.,.,.,.,.,.,.,.,.,.,.,.,c.208C>T,p.Arg70Ter,p.R70*,ENST00000370192,3/23,24,17,6,41,41,0,"DPYD,stop_gained,p.Arg33Ter,ENST00000423006,;DPYD,stop_gained,p.Arg70Ter,ENST00000306031,;DPYD,stop_gained,p.Arg70Ter,ENST00000370192,;",A,ENSG00000188641,ENST00000370192,Transcript,stop_gained,309,208,70,R/*,Cga/Tga,rs141597515,.,.,-1,DPYD,HGNC,3012,protein_coding,YES,CCDS30777.1,ENSP00000359211,DPYD_HUMAN,.,UPI0000458949,.,.,.,3/23,.,"PROSITE_profiles:PS51379,hmmpanther:PTHR11938,hmmpanther:PTHR11938:SF5,Gene3D:1.10.1060.10,Pfam_domain:PF14691,Superfamily_domains:SSF46548",.,.,.,.,.,.,.,A:0,A:0.0001,.,.,.,.,.,.,.,HIGH,.,SNV,.,.,.,.,.,.,.,.,.,.,.,.,.,PASS,NONE,SOMATICSNIPER|RADIA|MUTECT|MUSE|VARSCANS,TCCTCGCTCAC,byCluster,5,p.R70*,LOF,YES,HIGH_CONFIDENCE_LOF,structural_variant,NA,DPD Deficiency,Fluoropyrimidine Toxicity
DPYD,0,.,GRCh37,1,97848018,97848018,+,Splice_Site,SNP,C,C,A,novel,.,TCGA-E6-A1LX-01A-11D-A14G-09,TCGA-E6-A1LX-10A-01D-A14G-09,C,C,.,.,.,.,.,.,.,.,.,.,.,.,.,.,.,c.1906-1G>T,.,p.X636_splice,ENST00000370192,.,73,45,27,86,86,0,"DPYD,splice_acceptor_variant,,ENST00000370192,;",A,ENSG00000188641,ENST00000370192,Transcript,splice_acceptor_variant,.,.,.,.,.,.,.,.,-1,DPYD,HGNC,3012,protein_coding,YES,CCDS30777.1,ENSP00000359211,DPYD_HUMAN,.,UPI0000458949,.,.,.,.,14/22,.,.,.,.,.,.,.,.,.,.,.,.,.,.,.,.,.,HIGH,.,SNV,.,.,.,.,.,.,.,.,.,.,.,.,.,PASS,NONE,MUTECT|RADIA|SOMATICSNIPER|MUSE|VARSCANS,ACAATCTTTAA,.,5,p.X636_splice,LOF,YES,HIGH_CONFIDENCE_LOF,structural_variant,NA,DPD Deficiency,Fluoropyrimidine Toxicity
CYP2C19,0,.,GRCh37,10,96535251,96535251,+,Nonsense_Mutation,SNP,C,C,T,.,.,TCGA-EE-A20C-06A-11D-A196-08,TCGA-EE-A20C-10A-01D-A198-08,C,C,.,.,.,.,.,.,.,.,.,.,.,.,.,.,.,c.436C>T,p.Gln146Ter,p.Q146*,ENST00000371321,3/9,105,58,46,145,145,0,"CYP2C19,stop_gained,p.Gln146Ter,ENST00000371321,;CYP2C19,non_coding_transcript_exon_variant,,ENST00000480405,;CYP2C19,non_coding_transcript_exon_variant,,ENST00000464755,;MTND4P19,upstream_gene_variant,,ENST00000446659,;",T,ENSG00000165841,ENST00000371321,Transcript,stop_gained,518,436,146,Q/*,Caa/Taa,COSM3441946,.,.,1,CYP2C19,HGNC,2621,protein_coding,YES,CCDS7436.1,ENSP00000360372,CP2CJ_HUMAN,.,UPI000013DE1E,.,.,.,3/9,.,"hmmpanther:PTHR24300,hmmpanther:PTHR24300:SF131,Gene3D:1.10.630.10,Pfam_domain:PF00067,Superfamily_domains:SSF48264",.,.,.,.,.,.,.,.,.,.,1,.,.,.,.,.,HIGH,.,SNV,.,.,1,.,.,.,.,.,.,.,.,.,1,PASS,NONE,SOMATICSNIPER|MUTECT|MUSE|VARSCANS,GTGTTCAAGAG,.,4,p.Q146*,LOF,YES,HIGH_CONFIDENCE_LOF,structural_variant,NA,Poor Metabolizer,Altered Drug Metabolism
DPYD,0,.,GRCh37,1,98039398,98039398,+,Nonsense_Mutation,SNP,C,C,T,.,.,TCGA-EE-A29E-06A-11D-A197-08,TCGA-EE-A29E-10A-01D-A199-08,C,C,.,.,.,.,.,.,.,.,.,.,.,.,.,.,.,c.1257G>A,p.Trp419Ter,p.W419*,ENST00000370192,11/23,100,53,47,102,102,0,"DPYD,stop_gained,p.Trp419Ter,ENST00000370192,;",T,ENSG00000188641,ENST00000370192,Transcript,stop_gained,1358,1257,419,W/*,tgG/tgA,COSM3493661,.,.,-1,DPYD,HGNC,3012,protein_coding,YES,CCDS30777.1,ENSP00000359211,DPYD_HUMAN,.,UPI0000458949,.,.,.,11/23,.,"hmmpanther:PTHR11938,hmmpanther:PTHR11938:SF5,Gene3D:3.50.50.60,Superfamily_domains:SSF51971,Superfamily_domains:SSF51971",.,.,.,.,.,.,.,.,.,.,1,.,.,.,.,.,HIGH,.,SNV,.,.,1,.,.,.,.,.,.,.,.,.,.,PASS,NONE,SOMATICSNIPER|RADIA|MUTECT|MUSE|VARSCANS,TCATTCCATTT,.,5,p.W419*,LOF,YES,HIGH_CONFIDENCE_LOF,structural_variant,NA,DPD Deficiency,Fluoropyrimidine Toxicity
DPYD,0,.,GRCh37,1,98164965,98164965,+,Nonsense_Mutation,SNP,G,G,A,.,.,TCGA-EE-A2GO-06A-11D-A196-08,TCGA-EE-A2GO-10A-01D-A198-08,G,G,.,.,.,.,.,.,.,.,.,.,.,.,.,.,.,c.622C>T,p.Arg208Ter,p.R208*,ENST00000370192,6/23,23,11,11,107,107,0,"DPYD,stop_gained,p.Arg208Ter,ENST00000370192,;DPYD,3_prime_UTR_variant,,ENST00000423006,;DPYD,non_coding_transcript_exon_variant,,ENST00000474241,;",A,ENSG00000188641,ENST00000370192,Transcript,stop_gained,723,622,208,R/*,Cga/Tga,COSM3493679,.,.,-1,DPYD,HGNC,3012,protein_coding,YES,CCDS30777.1,ENSP00000359211,DPYD_HUMAN,.,UPI0000458949,.,.,.,6/23,.,"hmmpanther:PTHR11938,hmmpanther:PTHR11938:SF5,Pfam_domain:PF13450,Gene3D:3.50.50.60,Superfamily_domains:SSF51971,Prints_domain:PR00419",.,.,.,.,.,.,.,.,.,.,1,.,.,.,.,.,HIGH,.,SNV,.,.,1,.,.,.,.,.,.,.,.,.,.,PASS,BUFFER|p.S204F|c.611C>T|4,SOMATICSNIPER|RADIA|MUTECT|MUSE|VARSCANS,CAATCGAGCCA,.,5,p.R208*,LOF,YES,HIGH_CONFIDENCE_LOF,structural_variant,NA,DPD Deficiency,Fluoropyrimidine Toxicity
DPYD,0,.,GRCh37,1,97981407,97981407,+,Nonsense_Mutation,SNP,C,C,A,rs142619737,.,TCGA-EE-A2MM-06A-11D-A196-08,TCGA-EE-A2MM-10A-01D-A198-08,C,C,.,.,.,.,.,.,.,.,.,.,.,.,.,.,.,c.1615G>T,p.Gly539Ter,p.G539*,ENST00000370192,13/23,24,18,6,45,45,0,"DPYD,stop_gained,p.Gly539Ter,ENST00000370192,;",A,ENSG00000188641,ENST00000370192,Transcript,stop_gained,1716,1615,539,G/*,Gga/Tga,"rs142619737,COSM536956,COSM239642",.,.,-1,DPYD,HGNC,3012,protein_coding,YES,CCDS30777.1,ENSP00000359211,DPYD_HUMAN,.,UPI0000458949,.,.,.,13/23,.,"hmmpanther:PTHR11938,hmmpanther:PTHR11938:SF5,Pfam_domain:PF01180,Gene3D:3.20.20.70,TIGRFAM_domain:TIGR01037,Superfamily_domains:SSF51395",T:0.0010,T:0.0038,T:0,.,T:0,T:0,T:0,T:0.003,T:0.0001,not_provided,"0,1,1",.,.,.,.,.,HIGH,.,SNV,.,.,"1,1,1",.,.,.,.,.,.,.,.,.,.,oxog,NONE,RADIA|SOMATICSNIPER|VARSCANS,CAATCCGGCCA,byFrequency|byCluster|by1000G,3,p.G539*,LOF,YES,HIGH_CONFIDENCE_LOF,structural_variant,NA,DPD Deficiency,Fluoropyrimidine Toxicity
DPYD,0,.,GRCh37,1,97564189,97564189,+,Splice_Site,SNP,C,C,A,rs752102711,.,TCGA-EO-A3B0-01A-12D-A19Y-09,TCGA-EO-A3B0-10A-01D-A19Y-09,C,C,.,.,.,.,.,.,.,.,.,.,.,.,.,.,.,c.2623-1G>T,.,p.X875_splice,ENST00000370192,.,27,18,9,23,23,0,"DPYD,splice_acceptor_variant,,ENST00000370192,;DPYD-AS1,intron_variant,,ENST00000422980,;",A,ENSG00000188641,ENST00000370192,Transcript,splice_acceptor_variant,.,.,.,.,.,rs752102711,.,.,-1,DPYD,HGNC,3012,protein_coding,YES,CCDS30777.1,ENSP00000359211,DPYD_HUMAN,.,UPI0000458949,.,.,.,.,20/22,.,.,.,.,.,.,.,.,.,.,.,.,.,.,.,.,.,HIGH,.,SNV,.,.,.,.,.,.,.,.,.,.,.,.,.,PASS,NONE,SOMATICSNIPER|RADIA|MUTECT|MUSE|VARSCANS,AGTTTCTAAAA,.,5,p.X875_splice,LOF,YES,HIGH_CONFIDENCE_LOF,structural_variant,NA,DPD Deficiency,Fluoropyrimidine Toxicity
DPYD,0,.,GRCh37,1,98348931,98348931,+,Splice_Site,SNP,C,C,A,novel,.,TCGA-ER-A19P-06A-11D-A196-08,TCGA-ER-A19P-10A-01D-A198-08,C,C,.,.,.,.,.,.,.,.,.,.,.,.,.,.,.,c.40-1G>T,.,p.X14_splice,ENST00000370192,.,45,41,4,57,57,0,"DPYD,splice_acceptor_variant,,ENST00000306031,;DPYD,splice_acceptor_variant,,ENST00000370192,;DPYD,intron_variant,,ENST00000423006,;DPYD,splice_acceptor_variant,,ENST00000460019,;",A,ENSG00000188641,ENST00000370192,Transcript,splice_acceptor_variant,.,.,.,.,.,.,.,.,-1,DPYD,HGNC,3012,protein_coding,YES,CCDS30777.1,ENSP00000359211,DPYD_HUMAN,.,UPI0000458949,.,.,.,.,1/22,.,.,.,.,.,.,.,.,.,.,.,.,.,.,.,.,.,HIGH,.,SNV,.,.,.,.,.,.,.,.,.,.,.,.,.,oxog,NONE,RADIA|VARSCANS,ATACTCTAAAG,.,2,p.X14_splice,LOF,YES,HIGH_CONFIDENCE_LOF,structural_variant,NA,DPD Deficiency,Fluoropyrimidine Toxicity
DPYD,0,.,GRCh37,1,97839133,97839133,+,Frame_Shift_Del,DEL,C,C,-,novel,.,TCGA-EW-A2FV-01A-11D-A17D-09,TCGA-EW-A2FV-10A-01D-A17D-09,C,C,.,.,.,.,.,.,.,.,.,.,.,.,.,.,.,c.2042delG,p.Gly681AlafsTer30,p.G681Afs*30,ENST00000370192,16/23,113,103,10,79,79,0,"DPYD,frameshift_variant,p.Gly681AlafsTer30,ENST00000370192,;",-,ENSG00000188641,ENST00000370192,Transcript,frameshift_variant,2143,2042,681,G/X,gGc/gc,.,.,.,-1,DPYD,HGNC,3012,protein_coding,YES,CCDS30777.1,ENSP00000359211,DPYD_HUMAN,.,UPI0000458949,.,.,.,16/23,.,"hmmpanther:PTHR11938,hmmpanther:PTHR11938:SF5,Pfam_domain:PF01180,Gene3D:3.20.20.70,TIGRFAM_domain:TIGR01037,Superfamily_domains:SSF51395",.,.,.,.,.,.,.,.,.,.,.,.,.,.,.,.,HIGH,.,deletion,.,.,.,.,.,.,.,.,.,.,.,.,.,PASS,NONE,INDELOCATOR*|PINDEL,GCCAGGCCCATT,.,2,p.G681Afs*30,LOF,YES,HIGH_CONFIDENCE_LOF,structural_variant,NA,DPD Deficiency,Fluoropyrimidine Toxicity
TPMT,0,.,GRCh37,6,18148147,18148147,+,Splice_Site,SNP,C,C,G,novel,.,TCGA-F7-7848-01A-11D-2129-08,TCGA-F7-7848-10A-01D-2129-08,C,C,.,.,.,.,.,.,.,.,.,.,.,.,.,.,.,c.141-1G>C,.,p.X47_splice,ENST00000309983,.,92,73,19,126,126,0,"TPMT,splice_acceptor_variant,,ENST00000309983,;",G,ENSG00000137364,ENST00000309983,Transcript,splice_acceptor_variant,.,.,.,.,.,.,.,.,-1,TPMT,HGNC,12014,protein_coding,YES,CCDS4543.1,ENSP00000312304,TPMT_HUMAN,.,UPI0000137261,.,.,.,.,2/8,.,.,.,.,.,.,.,.,.,.,.,.,.,.,.,.,.,HIGH,.,SNV,.,.,.,.,.,.,.,.,.,.,.,.,.,PASS,NONE,MUTECT|MUSE,ATAGCCTGAAG,.,2,p.X47_splice,LOF,YES,HIGH_CONFIDENCE_LOF,structural_variant,NA,Low TPMT Activity,Thiopurine Toxicity
TPMT,0,.,GRCh37,6,18134122,18134122,+,Splice_Site,SNP,T,T,C,novel,.,TCGA-FD-A43Y-01A-21D-A26M-08,TCGA-FD-A43Y-10A-01D-A26K-08,T,T,.,.,.,.,.,.,.,.,.,.,.,.,.,.,.,c.495-2A>G,.,p.X165_splice,ENST00000309983,.,28,24,4,30,30,0,"TPMT,splice_acceptor_variant,,ENST00000309983,;",C,ENSG00000137364,ENST00000309983,Transcript,splice_acceptor_variant,.,.,.,.,.,.,.,.,-1,TPMT,HGNC,12014,protein_coding,YES,CCDS4543.1,ENSP00000312304,TPMT_HUMAN,.,UPI0000137261,.,.,.,.,6/8,.,.,.,.,.,.,.,.,.,.,.,.,.,.,.,.,.,HIGH,.,SNV,.,.,.,.,.,.,.,.,.,.,.,.,.,PASS,NONE,RADIA|MUTECT|MUSE|VARSCANS,ATAGCTACAAA,.,4,p.X165_splice,LOF,YES,HIGH_CONFIDENCE_LOF,structural_variant,NA,Low TPMT Activity,Thiopurine Toxicity
DPYD,0,.,GRCh37,1,97981499,97981499,+,Splice_Site,SNP,T,T,C,.,.,TCGA-FP-A4BE-01A-12D-A24D-08,TCGA-FP-A4BE-11A-11D-A24F-08,T,T,.,.,.,.,.,.,.,.,.,.,.,.,.,.,.,c.1525-2A>G,.,p.X509_splice,ENST00000370192,.,49,40,9,40,40,0,"DPYD,splice_acceptor_variant,,ENST00000370192,;",C,ENSG00000188641,ENST00000370192,Transcript,splice_acceptor_variant,.,.,.,.,.,COSM4010808,.,.,-1,DPYD,HGNC,3012,protein_coding,YES,CCDS30777.1,ENSP00000359211,DPYD_HUMAN,.,UPI0000458949,.,.,.,.,12/22,.,.,.,.,.,.,.,.,.,.,.,1,.,.,.,.,.,HIGH,.,SNV,.,.,1,.,.,.,.,.,.,.,.,.,.,PASS,NONE,SOMATICSNIPER|RADIA|MUTECT|MUSE|VARSCANS,GTGACTGCAAA,.,5,p.X509_splice,LOF,YES,HIGH_CONFIDENCE_LOF,structural_variant,NA,DPD Deficiency,Fluoropyrimidine Toxicity
DPYD,0,.,GRCh37,1,98058809,98058809,+,Nonsense_Mutation,SNP,T,T,A,.,.,TCGA-G7-6795-01A-11D-1961-08,TCGA-G7-6795-10A-01D-1962-08,T,T,.,.,.,.,.,.,.,.,.,.,.,.,.,.,.,c.1093A>T,p.Lys365Ter,p.K365*,ENST00000370192,10/23,125,78,46,97,97,0,"DPYD,stop_gained,p.Lys365Ter,ENST00000370192,;",A,ENSG00000188641,ENST00000370192,Transcript,stop_gained,1194,1093,365,K/*,Aaa/Taa,COSM3985338,.,.,-1,DPYD,HGNC,3012,protein_coding,YES,CCDS30777.1,ENSP00000359211,DPYD_HUMAN,.,UPI0000458949,.,.,.,10/23,.,"hmmpanther:PTHR11938,hmmpanther:PTHR11938:SF5,Gene3D:3.50.50.60,Superfamily_domains:SSF51971",.,.,.,.,.,.,.,.,.,.,1,.,.,.,.,.,HIGH,.,SNV,.,.,1,.,.,.,.,.,.,.,.,.,.,PASS,NONE,SOMATICSNIPER|RADIA|MUTECT|MUSE|VARSCANS,GCCTTTTCTGA,.,5,p.K365*,LOF,YES,HIGH_CONFIDENCE_LOF,structural_variant,NA,DPD Deficiency,Fluoropyrimidine Toxicity
DPYD,0,.,GRCh37,1,97839140,97839140,+,Nonsense_Mutation,SNP,C,C,A,novel,.,TCGA-G7-6797-01A-11D-1961-08,TCGA-G7-6797-10A-01D-1962-08,C,C,.,.,.,.,.,.,.,.,.,.,.,.,.,.,.,c.2035G>T,p.Gly679Ter,p.G679*,ENST00000370192,16/23,38,34,4,63,63,0,"DPYD,stop_gained,p.Gly679Ter,ENST00000370192,;",A,ENSG00000188641,ENST00000370192,Transcript,stop_gained,2136,2035,679,G/*,Gga/Tga,.,.,.,-1,DPYD,HGNC,3012,protein_coding,YES,CCDS30777.1,ENSP00000359211,DPYD_HUMAN,.,UPI0000458949,.,.,.,16/23,.,"hmmpanther:PTHR11938,hmmpanther:PTHR11938:SF5,Pfam_domain:PF01180,Gene3D:3.20.20.70,TIGRFAM_domain:TIGR01037,Superfamily_domains:SSF51395",.,.,.,.,.,.,.,.,.,.,.,.,.,.,.,.,HIGH,.,SNV,.,.,.,.,.,.,.,.,.,.,.,.,.,oxog,NONE,RADIA|VARSCANS,CATTCCTCTTT,.,2,p.G679*,LOF,YES,HIGH_CONFIDENCE_LOF,structural_variant,NA,DPD Deficiency,Fluoropyrimidine Toxicity
DPYD,0,.,GRCh37,1,97915658,97915658,+,Nonsense_Mutation,SNP,C,C,T,novel,.,TCGA-GN-A4U4-06A-11D-A32N-08,TCGA-GN-A4U4-10B-01D-A32N-08,C,C,.,.,.,.,.,.,.,.,.,.,.,.,.,.,.,c.1862G>A,p.Trp621Ter,p.W621*,ENST00000370192,14/23,147,90,57,186,186,0,"DPYD,stop_gained,p.Trp621Ter,ENST00000370192,;",T,ENSG00000188641,ENST00000370192,Transcript,stop_gained,1963,1862,621,W/*,tGg/tAg,.,.,.,-1,DPYD,HGNC,3012,protein_coding,YES,CCDS30777.1,ENSP00000359211,DPYD_HUMAN,.,UPI0000458949,.,.,.,14/23,.,"hmmpanther:PTHR11938,hmmpanther:PTHR11938:SF5,Pfam_domain:PF01180,Gene3D:3.20.20.70,TIGRFAM_domain:TIGR01037,Superfamily_domains:SSF51395",.,.,.,.,.,.,.,.,.,.,.,.,.,.,.,.,HIGH,.,SNV,.,.,.,.,.,.,.,.,.,.,.,.,.,PASS,NONE,SOMATICSNIPER|RADIA|MUTECT|MUSE|VARSCANS,GACACCAATAT,.,5,p.W621*,LOF,YES,HIGH_CONFIDENCE_LOF,structural_variant,NA,DPD Deficiency,Fluoropyrimidine Toxicity
DPYD,0,.,GRCh37,1,97544576,97544576,+,Nonsense_Mutation,SNP,C,C,A,rs761584058,.,TCGA-JX-A3Q0-01A-11D-A21Q-09,TCGA-JX-A3Q0-10A-01D-A21Q-09,C,C,.,.,.,.,.,.,.,.,.,.,.,.,.,.,.,c.3034G>T,p.Glu1012Ter,p.E1012*,ENST00000370192,23/23,67,48,19,64,64,0,"DPYD,stop_gained,p.Glu1012Ter,ENST00000370192,;",A,ENSG00000188641,ENST00000370192,Transcript,stop_gained,3135,3034,1012,E/*,Gaa/Taa,"rs761584058,COSM3493620",.,.,-1,DPYD,HGNC,3012,protein_coding,YES,CCDS30777.1,ENSP00000359211,DPYD_HUMAN,.,UPI0000458949,.,.,.,23/23,.,"hmmpanther:PTHR11938,hmmpanther:PTHR11938:SF5,Gene3D:3.30.70.20,Superfamily_domains:SSF54862",.,.,.,.,.,.,.,.,.,.,"0,1",.,.,.,.,.,HIGH,.,SNV,.,.,"0,1",.,.,.,.,.,.,.,.,.,.,PASS,BUFFER|p.P1010T|c.3028C>A|3,MUTECT|RADIA|SOMATICSNIPER|MUSE|VARSCANS,TGGTTCATAAG,.,5,p.E1012*,LOF,YES,HIGH_CONFIDENCE_LOF,structural_variant,NA,DPD Deficiency,Fluoropyrimidine Toxicity
DPYD,0,.,GRCh37,1,97658623,97658623,+,Splice_Site,SNP,A,A,C,novel,.,TCGA-LN-A49W-01A-11D-A27G-09,TCGA-LN-A49W-10A-01D-A27G-09,A,A,.,.,.,.,.,.,.,.,.,.,.,.,.,.,.,c.2622+2T>G,.,p.X874_splice,ENST00000370192,.,71,62,8,62,62,0,"DPYD,splice_donor_variant,,ENST00000370192,;DPYD-AS1,intron_variant,,ENST00000422980,;",C,ENSG00000188641,ENST00000370192,Transcript,splice_donor_variant,.,.,.,.,.,.,.,.,-1,DPYD,HGNC,3012,protein_coding,YES,CCDS30777.1,ENSP00000359211,DPYD_HUMAN,.,UPI0000458949,.,.,.,.,20/22,.,.,.,.,.,.,.,.,.,.,.,.,.,.,.,.,.,HIGH,.,SNV,.,.,.,.,.,.,.,.,.,.,.,.,.,PASS,NONE,RADIA|MUTECT|MUSE|VARSCANS,CACATACCTTG,.,4,p.X874_splice,LOF,YES,HIGH_CONFIDENCE_LOF,structural_variant,NA,DPD Deficiency,Fluoropyrimidine Toxicity
DPYD,0,.,GRCh37,1,98144650,98144650,+,Splice_Site,SNP,C,C,A,novel,.,TCGA-MN-A4N4-01A-12D-A24P-08,TCGA-MN-A4N4-10A-01D-A24P-08,C,C,.,.,.,.,.,.,.,.,.,.,.,.,.,.,.,c.850+1G>T,.,p.X284_splice,ENST00000370192,.,10,4,6,10,10,0,"DPYD,splice_donor_variant,,ENST00000370192,;",A,ENSG00000188641,ENST00000370192,Transcript,splice_donor_variant,.,.,.,.,.,.,.,.,-1,DPYD,HGNC,3012,protein_coding,YES,CCDS30777.1,ENSP00000359211,DPYD_HUMAN,.,UPI0000458949,.,.,.,.,8/22,.,.,.,.,.,.,.,.,.,.,.,.,.,.,.,.,.,HIGH,.,SNV,.,.,.,.,.,.,.,.,.,.,.,.,.,PASS,NONE,RADIA|MUTECT|MUSE,ACTCACCTATT,.,3,p.X284_splice,LOF,YES,HIGH_CONFIDENCE_LOF,structural_variant,NA,DPD Deficiency,Fluoropyrimidine Toxicity
DPYD,0,.,GRCh37,1,97771791,97771791,+,Frame_Shift_Del,DEL,A,A,-,novel,.,TCGA-NH-A5IV-01A-42D-A36X-10,TCGA-NH-A5IV-10A-01D-A370-10,A,A,.,.,.,.,.,.,.,.,.,.,.,.,.,.,.,c.2121delT,p.Phe707LeufsTer4,p.F707Lfs*4,ENST00000370192,17/23,81,63,18,65,65,0,"DPYD,frameshift_variant,p.Phe707LeufsTer4,ENST00000370192,;DPYD-AS1,non_coding_transcript_exon_variant,,ENST00000422980,;",-,ENSG00000188641,ENST00000370192,Transcript,frameshift_variant,2222,2121,707,F/X,ttT/tt,.,.,.,-1,DPYD,HGNC,3012,protein_coding,YES,CCDS30777.1,ENSP00000359211,DPYD_HUMAN,.,UPI0000458949,.,.,.,17/23,.,"hmmpanther:PTHR11938,hmmpanther:PTHR11938:SF5,Pfam_domain:PF01180,Gene3D:3.20.20.70,TIGRFAM_domain:TIGR01037,Superfamily_domains:SSF51395",.,.,.,.,.,.,.,.,.,.,.,.,.,.,.,.,HIGH,.,deletion,.,.,.,.,.,.,.,.,.,.,.,.,.,PASS,NONE,INDELOCATOR*|VARSCANI*|PINDEL,CTTGGCAAAAAA,.,3,p.F707Lfs*4,LOF,YES,HIGH_CONFIDENCE_LOF,structural_variant,NA,DPD Deficiency,Fluoropyrimidine Toxicity
DPYD,0,.,GRCh37,1,97771791,97771791,+,Frame_Shift_Del,DEL,A,A,-,novel,.,TCGA-OR-A5LB-01A-11D-A29I-10,TCGA-OR-A5LB-10A-01D-A29L-10,A,A,.,.,.,.,.,.,.,.,.,.,.,.,.,.,.,c.2121delT,p.Phe707LeufsTer4,p.F707Lfs*4,ENST00000370192,17/23,142,76,66,63,63,0,"DPYD,frameshift_variant,p.Phe707LeufsTer4,ENST00000370192,;DPYD-AS1,non_coding_transcript_exon_variant,,ENST00000422980,;",-,ENSG00000188641,ENST00000370192,Transcript,frameshift_variant,2222,2121,707,F/X,ttT/tt,.,.,.,-1,DPYD,HGNC,3012,protein_coding,YES,CCDS30777.1,ENSP00000359211,DPYD_HUMAN,.,UPI0000458949,.,.,.,17/23,.,"hmmpanther:PTHR11938,hmmpanther:PTHR11938:SF5,Pfam_domain:PF01180,Gene3D:3.20.20.70,TIGRFAM_domain:TIGR01037,Superfamily_domains:SSF51395",.,.,.,.,.,.,.,.,.,.,.,.,.,.,.,.,HIGH,.,deletion,.,.,.,.,.,.,.,.,.,.,.,.,.,PASS,NONE,INDELOCATOR*|VARSCANI*|PINDEL,CTTGGCAAAAAA,.,3,p.F707Lfs*4,LOF,YES,HIGH_CONFIDENCE_LOF,structural_variant,NA,DPD Deficiency,Fluoropyrimidine Toxicity
DPYD,0,.,GRCh37,1,97548005,97548005,+,Nonsense_Mutation,SNP,G,G,A,novel,.,TCGA-RD-A8NB-01A-12D-A397-08,TCGA-RD-A8NB-10A-01D-A39A-08,G,G,.,.,.,.,.,.,.,.,.,.,.,.,.,.,.,c.2788C>T,p.Gln930Ter,p.Q930*,ENST00000370192,22/23,65,54,10,130,130,0,"DPYD,stop_gained,p.Gln930Ter,ENST00000370192,;",A,ENSG00000188641,ENST00000370192,Transcript,stop_gained,2889,2788,930,Q/*,Cag/Tag,.,.,.,-1,DPYD,HGNC,3012,protein_coding,YES,CCDS30777.1,ENSP00000359211,DPYD_HUMAN,.,UPI0000458949,.,.,.,22/23,.,"hmmpanther:PTHR11938,hmmpanther:PTHR11938:SF5,Superfamily_domains:SSF54862",.,.,.,.,.,.,.,.,.,.,.,.,.,.,.,.,HIGH,.,SNV,.,.,.,.,.,.,.,.,.,.,.,.,.,PASS,NONE,SOMATICSNIPER|RADIA|MUTECT|MUSE|VARSCANS,GTACTGCAGTG,.,5,p.Q930*,LOF,YES,HIGH_CONFIDENCE_LOF,structural_variant,NA,DPD Deficiency,Fluoropyrimidine Toxicity
CYP2C19,0,.,GRCh37,10,96535192,96535193,+,Frame_Shift_Ins,INS,-,-,C,novel,.,TCGA-VQ-A8P2-01A-11D-A364-08,TCGA-VQ-A8P2-10A-01D-A362-08,-,-,.,.,.,.,.,.,.,.,.,.,.,.,.,.,.,c.378dupC,p.Ser127LeufsTer16,p.S127Lfs*16,ENST00000371321,3/9,191,137,54,134,134,0,"CYP2C19,frameshift_variant,p.Ser127LeufsTer16,ENST00000371321,;CYP2C19,non_coding_transcript_exon_variant,,ENST00000480405,;CYP2C19,non_coding_transcript_exon_variant,,ENST00000464755,;MTND4P19,upstream_gene_variant,,ENST00000446659,;",C,ENSG00000165841,ENST00000371321,Transcript,frameshift_variant,459-460,377-378,126,F/FX,ttc/ttCc,.,.,.,1,CYP2C19,HGNC,2621,protein_coding,YES,CCDS7436.1,ENSP00000360372,CP2CJ_HUMAN,.,UPI000013DE1E,.,.,.,3/9,.,"hmmpanther:PTHR24300,hmmpanther:PTHR24300:SF131,Gene3D:1.10.630.10,Pfam_domain:PF00067,Superfamily_domains:SSF48264",.,.,.,.,.,.,.,.,.,.,.,.,.,.,.,.,HIGH,.,insertion,.,1,.,.,.,.,.,.,.,.,.,.,1,PASS,BUFFER|p.R125H|c.374G>A|3,INDELOCATOR*|VARSCANI*|PINDEL,GCGTTTCTCCC,.,3,p.S127Lfs*16,LOF,YES,HIGH_CONFIDENCE_LOF,structural_variant,NA,Poor Metabolizer,Altered Drug Metabolism
DPYD,0,.,GRCh37,1,98187229,98187229,+,Splice_Site,SNP,T,T,C,novel,.,TCGA-VQ-A922-01A-11D-A410-08,TCGA-VQ-A922-10A-01D-A413-08,T,T,.,.,.,.,.,.,.,.,.,.,.,.,.,.,.,c.322-2A>G,.,p.X108_splice,ENST00000370192,.,51,47,4,115,115,0,"DPYD,splice_acceptor_variant,,ENST00000423006,;DPYD,splice_acceptor_variant,,ENST00000306031,;DPYD,splice_acceptor_variant,,ENST00000370192,;DPYD,upstream_gene_variant,,ENST00000474241,;",C,ENSG00000188641,ENST00000370192,Transcript,splice_acceptor_variant,.,.,.,.,.,.,.,.,-1,DPYD,HGNC,3012,protein_coding,YES,CCDS30777.1,ENSP00000359211,DPYD_HUMAN,.,UPI0000458949,.,.,.,.,4/22,.,.,.,.,.,.,.,.,.,.,.,.,.,.,.,.,.,HIGH,.,SNV,.,.,.,.,.,.,.,.,.,.,.,.,.,PASS,NONE,MUTECT|MUSE,AGTTCTGCAAA,.,2,p.X108_splice,LOF,YES,HIGH_CONFIDENCE_LOF,structural_variant,NA,DPD Deficiency,Fluoropyrimidine Toxicity
DPYD,0,.,GRCh37,1,98157299,98157299,+,Nonsense_Mutation,SNP,C,C,A,novel,.,TCGA-VQ-A924-01A-11D-A410-08,TCGA-VQ-A924-10A-01D-A413-08,C,C,.,.,.,.,.,.,.,.,.,.,.,.,.,.,.,c.736G>T,p.Glu246Ter,p.E246*,ENST00000370192,7/23,58,41,17,66,66,0,"DPYD,stop_gained,p.Glu246Ter,ENST00000370192,;DPYD,3_prime_UTR_variant,,ENST00000423006,;DPYD,non_coding_transcript_exon_variant,,ENST00000474241,;",A,ENSG00000188641,ENST00000370192,Transcript,stop_gained,837,736,246,E/*,Gag/Tag,.,.,.,-1,DPYD,HGNC,3012,protein_coding,YES,CCDS30777.1,ENSP00000359211,DPYD_HUMAN,.,UPI0000458949,.,.,.,7/23,.,"hmmpanther:PTHR11938,hmmpanther:PTHR11938:SF5,Gene3D:3.50.50.60,Superfamily_domains:SSF51971",.,.,.,.,.,.,.,.,.,.,.,.,.,.,.,.,HIGH,.,SNV,.,.,.,.,.,.,.,.,.,.,.,.,.,PASS,NONE,MUTECT|RADIA|SOMATICSNIPER|MUSE|VARSCANS,TAGCTCAATCT,.,5,p.E246*,LOF,YES,HIGH_CONFIDENCE_LOF,structural_variant,NA,DPD Deficiency,Fluoropyrimidine Toxicity
CYP2C19,0,.,GRCh37,10,96540348,96540348,+,Nonsense_Mutation,SNP,C,C,T,.,.,TCGA-WE-A8ZX-06A-11D-A372-08,TCGA-WE-A8ZX-10A-01D-A375-08,C,C,.,.,.,.,.,.,.,.,.,.,.,.,.,.,.,c.574C>T,p.Gln192Ter,p.Q192*,ENST00000371321,4/9,99,42,56,184,184,0,"CYP2C19,stop_gained,p.Gln192Ter,ENST00000371321,;CYP2C19,non_coding_transcript_exon_variant,,ENST00000464755,;CYP2C19,downstream_gene_variant,,ENST00000480405,;",T,ENSG00000165841,ENST00000371321,Transcript,stop_gained,656,574,192,Q/*,Cag/Tag,COSM1702801,.,.,1,CYP2C19,HGNC,2621,protein_coding,YES,CCDS7436.1,ENSP00000360372,CP2CJ_HUMAN,.,UPI000013DE1E,.,.,.,4/9,.,"hmmpanther:PTHR24300,hmmpanther:PTHR24300:SF131,Gene3D:1.10.630.10,Pfam_domain:PF00067,Superfamily_domains:SSF48264",.,.,.,.,.,.,.,.,.,.,1,.,.,.,.,.,HIGH,.,SNV,.,.,1,.,.,.,.,.,.,.,.,.,1,PASS,NONE,MUTECT|RADIA|SOMATICSNIPER|MUSE|VARSCANS,AAGATCAGCAA,.,5,p.Q192*,LOF,YES,HIGH_CONFIDENCE_LOF,structural_variant,NA,Poor Metabolizer,Altered Drug Metabolism
